file_name,category,database_code,chemical_formula,structure_type,space_group_name,space_group_number
ICSD422.cif,extdata,ICSD 422,Si1 Sr2,TiNiSi#MgSrSi,P n m a,62
ClathrateI_all_CollCode423637.cif,12g-16i-24k,ICSD 423637,As21.6 I8 In6.9 Sn15.8,K8Si46,P m -3 n,223
ClathrateI_all_CollCode423638.cif,12g-16i-24k,ICSD 423638,As21.8 I8 In5 Sn17.1,K8Si46,P m -3 n,223
ClathrateI_all_CollCode416531.cif,24k-48l,ICSD 416531,As22 I8 Sn20.6,K8Si46,P m -3 n,223
ClathrateI_all_CollCode423639.cif,24k-48l,ICSD 423639,As22 I8 In4.8 Sn17,K8Si46,P m -3 n,223
ClathrateI_all_CollCode423640.cif,24k-48l,ICSD 423640,As22 I8 In4.1 Sn17.5,K8Si46,P m -3 n,223
ClathrateI_all_CollCode25063.cif,6c-16i-24k-48l,ICSD 25063,B6.4 K6.8 Si39.6,K8Si46,P m -3 n,223
ClathrateI_all_CollCode25064.cif,6c-16i-24k-48l,ICSD 25064,B7.2 K7.18 Si38.8,K8Si46,P m -3 n,223
ClathrateI_all_CollCode25065.cif,6c-16i-24k-48l,ICSD 25065,B6.4 K6.98 Si39.6,K8Si46,P m -3 n,223
ClathrateI_all_CollCode25066.cif,6c-16i-24k-48l,ICSD 25066,B6.8 K7.08 Si39.2,K8Si46,P m -3 n,223
ClathrateI_all_CollCode25067.cif,6c-16i-24k-48l,ICSD 25067,B7.1 K7.12 Si38.9,K8Si46,P m -3 n,223
1950458.cif,6c-16i-24k,,Sr8 Si46,,,
2006313.cif,6c-16i-24k,,Rb8 B7.96 Si38.03,,,
Ca-B-C-clatI-2338100-corr.cif,6c-16i-24k,depnum_ccdc_archive CCDC 2338100,C37.12 B8.88 Ca8,,P m -3 n,223
ClathrateI_all_CollCode100103.cif,6c-16i-24k,ICSD 100103,Ga23 Ge23 K8,K8Si46,P m -3 n,223
ClathrateI_all_CollCode120108.cif,6c-16i-24k,ICSD 120108,Ba8 Ga6 Si40,K8Si46,P m -3 n,223
ClathrateI_all_CollCode120109.cif,6c-16i-24k,ICSD 120109,Ba8 Ga10 Si36,K8Si46,P m -3 n,223
ClathrateI_all_CollCode120110.cif,6c-16i-24k,ICSD 120110,Ba8 Ga16 Si30,K8Si46,P m -3 n,223
ClathrateI_all_CollCode120345.cif,6c-16i-24k,ICSD 120345,Al6.35 K8 Sn39.65,K8Si46,P m -3 n,223
ClathrateI_all_CollCode120346.cif,6c-16i-24k,ICSD 120346,Al7.51 Rb8 Sn38.49,K8Si46,P m -3 n,223
ClathrateI_all_CollCode121776.cif,6c-16i-24k,ICSD 121776,B7.96 Rb8 Si38.03,K8Si46,P m -3 n,223
ClathrateI_all_CollCode125336.cif,6c-16i-24k,ICSD 125336,K7.46 Si46,K8Si46,P m -3 n,223
ClathrateI_all_CollCode125337.cif,6c-16i-24k,ICSD 125337,K7.12 Si46,K8Si46,P m -3 n,223
ClathrateI_all_CollCode125582.cif,6c-16i-24k,ICSD 125582,Cu2.5 K8 Sb28 Zn15.5,K8Si46,P m -3 n,223
ClathrateI_all_CollCode127828.cif,6c-16i-24k,ICSD 127828,Ba8 Cu4.8 Ge41.2,K8Si46,P m -3 n,223
ClathrateI_all_CollCode127829.cif,6c-16i-24k,ICSD 127829,Ba8 Cu4.8 Ga1 Ge40.2,K8Si46,P m -3 n,223
ClathrateI_all_CollCode129924.cif,6c-16i-24k,ICSD 129924,Ba8 Cu13.7 P29.9 Zn2.4,K8Si46,P m -3 n,223
ClathrateI_all_CollCode134509.cif,6c-16i-24k,ICSD 134509,B7.993 Cs8 Si38.007,K8Si46,P m -3 n,223
ClathrateI_all_CollCode144958.cif,6c-16i-24k,ICSD 144958,Na8 Si46,K8Si46,P m -3 n,223
ClathrateI_all_CollCode151768.cif,6c-16i-24k,ICSD 151768,Ge39.6 Sr8 Zn6.88,K8Si46,P m -3 n,223
ClathrateI_all_CollCode151769.cif,6c-16i-24k,ICSD 151769,Ga16 Ge30 Sr8,K8Si46,P m -3 n,223
ClathrateI_all_CollCode151770.cif,6c-16i-24k,ICSD 151770,Ba8 Ga16 Si30,K8Si46,P m -3 n,223
ClathrateI_all_CollCode153099.cif,6c-16i-24k,ICSD 153099,Ba8 Cu4 Si42,K8Si46,P m -3 n,223
ClathrateI_all_CollCode153685.cif,6c-16i-24k,ICSD 153685,Ba8 Si46,K8Si46,P m -3 n,223
ClathrateI_all_CollCode153686.cif,6c-16i-24k,ICSD 153686,Ba5.4 Si46 Sr1.78,K8Si46,P m -3 n,223
ClathrateI_all_CollCode153687.cif,6c-16i-24k,ICSD 153687,Ba3 Si46 Sr4.58,K8Si46,P m -3 n,223
ClathrateI_all_CollCode153688.cif,6c-16i-24k,ICSD 153688,Ba1.98 Si46 Sr5.7,K8Si46,P m -3 n,223
ClathrateI_all_CollCode153714.cif,6c-16i-24k,ICSD 153714,Ba8 Ga14.592 Si31.408,K8Si46,P m -3 n,223
ClathrateI_all_CollCode153715.cif,6c-16i-24k,ICSD 153715,Ba8 Ga14.732 Si31.268,K8Si46,P m -3 n,223
ClathrateI_all_CollCode153716.cif,6c-16i-24k,ICSD 153716,Ba8 Ga14.658 Si31.342,K8Si46,P m -3 n,223
ClathrateI_all_CollCode153717.cif,6c-16i-24k,ICSD 153717,Ba8 Ga14.734 Si31.266,K8Si46,P m -3 n,223
ClathrateI_all_CollCode153718.cif,6c-16i-24k,ICSD 153718,Ba8 Ga14.714 Si31.286,K8Si46,P m -3 n,223
ClathrateI_all_CollCode153719.cif,6c-16i-24k,ICSD 153719,Ba8 Ga14.564 Si31.436,K8Si46,P m -3 n,223
ClathrateI_all_CollCode153720.cif,6c-16i-24k,ICSD 153720,Ba8 Ga14.614 Si31.386,K8Si46,P m -3 n,223
ClathrateI_all_CollCode153721.cif,6c-16i-24k,ICSD 153721,Ba8 Ga14.608 Si31.392,K8Si46,P m -3 n,223
ClathrateI_all_CollCode153722.cif,6c-16i-24k,ICSD 153722,Ba8 Ga14.686 Si31.314,K8Si46,P m -3 n,223
ClathrateI_all_CollCode153723.cif,6c-16i-24k,ICSD 153723,Ba8 Ga14.622 Si31.378,K8Si46,P m -3 n,223
ClathrateI_all_CollCode153724.cif,6c-16i-24k,ICSD 153724,Ba8 Ga14.582 Si31.418,K8Si46,P m -3 n,223
ClathrateI_all_CollCode153725.cif,6c-16i-24k,ICSD 153725,Ba8 Ga14.468 Si31.532,K8Si46,P m -3 n,223
ClathrateI_all_CollCode153726.cif,6c-16i-24k,ICSD 153726,Ba8 Ga14.512 Si31.488,K8Si46,P m -3 n,223
ClathrateI_all_CollCode153727.cif,6c-16i-24k,ICSD 153727,Ba8 Ga14.332 Si31.668,K8Si46,P m -3 n,223
ClathrateI_all_CollCode153728.cif,6c-16i-24k,ICSD 153728,Ba8 Ga14.412 Si31.588,K8Si46,P m -3 n,223
ClathrateI_all_CollCode153729.cif,6c-16i-24k,ICSD 153729,Ba8 Ga16 Ge30,K8Si46,P m -3 n,223
ClathrateI_all_CollCode153730.cif,6c-16i-24k,ICSD 153730,Ba8 Ga16 Ge30,K8Si46,P m -3 n,223
ClathrateI_all_CollCode153731.cif,6c-16i-24k,ICSD 153731,Ba8 Ga16 Ge30,K8Si46,P m -3 n,223
ClathrateI_all_CollCode153732.cif,6c-16i-24k,ICSD 153732,Ba8 Ga16 Ge30,K8Si46,P m -3 n,223
ClathrateI_all_CollCode153733.cif,6c-16i-24k,ICSD 153733,Ba8 Ga16 Ge30,K8Si46,P m -3 n,223
ClathrateI_all_CollCode153734.cif,6c-16i-24k,ICSD 153734,Ba8 Ga16 Ge30,K8Si46,P m -3 n,223
ClathrateI_all_CollCode153735.cif,6c-16i-24k,ICSD 153735,Ba8 Ga16 Ge30,K8Si46,P m -3 n,223
ClathrateI_all_CollCode153736.cif,6c-16i-24k,ICSD 153736,Ba8 Ga16 Ge30,K8Si46,P m -3 n,223
ClathrateI_all_CollCode153737.cif,6c-16i-24k,ICSD 153737,Ba8 Ga16 Ge30,K8Si46,P m -3 n,223
ClathrateI_all_CollCode153738.cif,6c-16i-24k,ICSD 153738,Ba8 Ge33.944 In12.056,K8Si46,P m -3 n,223
ClathrateI_all_CollCode153739.cif,6c-16i-24k,ICSD 153739,Ba8 Ge33.544 In12.456,K8Si46,P m -3 n,223
ClathrateI_all_CollCode153740.cif,6c-16i-24k,ICSD 153740,Ba8 Ge34.254 In11.746,K8Si46,P m -3 n,223
ClathrateI_all_CollCode153741.cif,6c-16i-24k,ICSD 153741,Ba8 Ge34.566 In11.434,K8Si46,P m -3 n,223
ClathrateI_all_CollCode153742.cif,6c-16i-24k,ICSD 153742,Ba8 Ge35.272 In10.728,K8Si46,P m -3 n,223
ClathrateI_all_CollCode153743.cif,6c-16i-24k,ICSD 153743,Ba8 Ge34.946 In11.054,K8Si46,P m -3 n,223
ClathrateI_all_CollCode153744.cif,6c-16i-24k,ICSD 153744,Ba8 Ge35.444 In10.556,K8Si46,P m -3 n,223
ClathrateI_all_CollCode153745.cif,6c-16i-24k,ICSD 153745,Ba8 Ge35.358 In10.642,K8Si46,P m -3 n,223
ClathrateI_all_CollCode153746.cif,6c-16i-24k,ICSD 153746,Ba8 Ge35.552 In10.448,K8Si46,P m -3 n,223
ClathrateI_all_CollCode153747.cif,6c-16i-24k,ICSD 153747,Ba8 Ge35.958 In10.042,K8Si46,P m -3 n,223
ClathrateI_all_CollCode153748.cif,6c-16i-24k,ICSD 153748,Ba8 Ge35.026 In10.974,K8Si46,P m -3 n,223
ClathrateI_all_CollCode153749.cif,6c-16i-24k,ICSD 153749,Ga16 Ge30 Sr8,K8Si46,P m -3 n,223
ClathrateI_all_CollCode153750.cif,6c-16i-24k,ICSD 153750,Ga16 Ge30 Sr8,K8Si46,P m -3 n,223
ClathrateI_all_CollCode153751.cif,6c-16i-24k,ICSD 153751,Ga16 Ge30 Sr8,K8Si46,P m -3 n,223
ClathrateI_all_CollCode153752.cif,6c-16i-24k,ICSD 153752,Ga16 Ge30 Sr8,K8Si46,P m -3 n,223
ClathrateI_all_CollCode153753.cif,6c-16i-24k,ICSD 153753,Ga16 Ge30 Sr8,K8Si46,P m -3 n,223
ClathrateI_all_CollCode153754.cif,6c-16i-24k,ICSD 153754,Ga16 Ge30 Sr8,K8Si46,P m -3 n,223
ClathrateI_all_CollCode153755.cif,6c-16i-24k,ICSD 153755,Ga16 Ge30 Sr8,K8Si46,P m -3 n,223
ClathrateI_all_CollCode153756.cif,6c-16i-24k,ICSD 153756,Ba8 Ga15.732 Si30.268,K8Si46,P m -3 n,223
ClathrateI_all_CollCode153757.cif,6c-16i-24k,ICSD 153757,Ba8 Ga15.732 Si30.268,K8Si46,P m -3 n,223
ClathrateI_all_CollCode153758.cif,6c-16i-24k,ICSD 153758,Ba8 Ga15.732 Si30.268,K8Si46,P m -3 n,223
ClathrateI_all_CollCode153759.cif,6c-16i-24k,ICSD 153759,Ba8 Ga15.732 Si30.268,K8Si46,P m -3 n,223
ClathrateI_all_CollCode153760.cif,6c-16i-24k,ICSD 153760,Ba8 Ga15.732 Si30.268,K8Si46,P m -3 n,223
ClathrateI_all_CollCode153761.cif,6c-16i-24k,ICSD 153761,Ba8 Ga15.732 Si30.268,K8Si46,P m -3 n,223
ClathrateI_all_CollCode153762.cif,6c-16i-24k,ICSD 153762,Ba8 Ga15.732 Si30.268,K8Si46,P m -3 n,223
ClathrateI_all_CollCode153763.cif,6c-16i-24k,ICSD 153763,Ba8 Ga15.732 Si30.268,K8Si46,P m -3 n,223
ClathrateI_all_CollCode15641.cif,6c-16i-24k,ICSD 15641,K8 Si46,K8Si46,P m -3 n,223
ClathrateI_all_CollCode156983.cif,6c-16i-24k,ICSD 156983,Ba7.69 Ga4.86 Ge39.08,K8Si46,P m -3 n,223
ClathrateI_all_CollCode156984.cif,6c-16i-24k,ICSD 156984,Ba7.8 Ga6.71 Ge37.39,K8Si46,P m -3 n,223
ClathrateI_all_CollCode156985.cif,6c-16i-24k,ICSD 156985,Ba7.76 Ga13.8 Ge31.84,K8Si46,P m -3 n,223
ClathrateI_all_CollCode156986.cif,6c-16i-24k,ICSD 156986,Ba7.81 Ga16.82 Ge29.15,K8Si46,P m -3 n,223
ClathrateI_all_CollCode162161.cif,6c-16i-24k,ICSD 162161,Rb8 Sn44,K8Si46,P m -3 n,223
ClathrateI_all_CollCode162162.cif,6c-16i-24k,ICSD 162162,Rb8 Sn44,K8Si46,P m -3 n,223
ClathrateI_all_CollCode162163.cif,6c-16i-24k,ICSD 162163,Rb8 Sn44,K8Si46,P m -3 n,223
ClathrateI_all_CollCode162164.cif,6c-16i-24k,ICSD 162164,Rb8 Sn44,K8Si46,P m -3 n,223
ClathrateI_all_CollCode162167.cif,6c-16i-24k,ICSD 162167,Cs8 Sn44,K8Si46,P m -3 n,223
ClathrateI_all_CollCode162168.cif,6c-16i-24k,ICSD 162168,Cs8 Sn44,K8Si46,P m -3 n,223
ClathrateI_all_CollCode162169.cif,6c-16i-24k,ICSD 162169,Cs8 Sn44,K8Si46,P m -3 n,223
ClathrateI_all_CollCode162170.cif,6c-16i-24k,ICSD 162170,Cs8 Sn44,K8Si46,P m -3 n,223
ClathrateI_all_CollCode162171.cif,6c-16i-24k,ICSD 162171,Cs8 Sn44,K8Si46,P m -3 n,223
ClathrateI_all_CollCode162606.cif,6c-16i-24k,ICSD 162606,Ba7.51 Ge39.5 Ni6,K8Si46,P m -3 n,223
ClathrateI_all_CollCode162929.cif,6c-16i-24k,ICSD 162929,Ba6.06 Na1.94 Si46,K8Si46,P m -3 n,223
ClathrateI_all_CollCode163423.cif,6c-16i-24k,ICSD 163423,Ba8 Cu6 Ge40,K8Si46,P m -3 n,223
ClathrateI_all_CollCode163936.cif,6c-16i-24k,ICSD 163936,Ba8 Ga16 Ge30,K8Si46,P m -3 n,223
ClathrateI_all_CollCode165179.cif,6c-16i-24k,ICSD 165179,Ba8 Ga17.11 Ge25.59 Sb2.74,K8Si46,P m -3 n,223
ClathrateI_all_CollCode165369.cif,6c-16i-24k,ICSD 165369,Rb8 Sn44.6,K8Si46,P m -3 n,223
ClathrateI_all_CollCode165370.cif,6c-16i-24k,ICSD 165370,Cs6.42 K1.58 Sn44.02,K8Si46,P m -3 n,223
ClathrateI_all_CollCode165803.cif,6c-16i-24k,ICSD 165803,Al6.142 Ga9.18 Si30.678 Sr8,K8Si46,P m -3 n,223
ClathrateI_all_CollCode167810.cif,6c-16i-24k,ICSD 167810,Eu8 Ga15.1 Ge30.9,K8Si46,P m -3 n,223
ClathrateI_all_CollCode168734.cif,6c-16i-24k,ICSD 168734,Ga8 K8 Sn38,K8Si46,P m -3 n,223
ClathrateI_all_CollCode170289.cif,6c-16i-24k,ICSD 170289,Br2.35 I5.65 P19.2 Sn24,K8Si46,P m -3 n,223
ClathrateI_all_CollCode170290.cif,6c-16i-24k,ICSD 170290,Br3.14 I4.86 P19.11 Sn24,K8Si46,P m -3 n,223
ClathrateI_all_CollCode170291.cif,6c-16i-24k,ICSD 170291,Br4.62 I3.38 P19.22 Sn24,K8Si46,P m -3 n,223
ClathrateI_all_CollCode170292.cif,6c-16i-24k,ICSD 170292,Br6.05 I1.95 P19.1 Sn24,K8Si46,P m -3 n,223
ClathrateI_all_CollCode170293.cif,6c-16i-24k,ICSD 170293,Br8 P19.6 Sn24,K8Si46,P m -3 n,223
ClathrateI_all_CollCode170294.cif,6c-16i-24k,ICSD 170294,Br8 P19.6 Sn24,K8Si46,P m -3 n,223
ClathrateI_all_CollCode170295.cif,6c-16i-24k,ICSD 170295,Br0.5 P1.23 Sn1.5,K8Si46,P m -3 n,223
ClathrateI_all_CollCode170296.cif,6c-16i-24k,ICSD 170296,Br8 P19.6 Sn24,K8Si46,P m -3 n,223
ClathrateI_all_CollCode170297.cif,6c-16i-24k,ICSD 170297,Br8 P19.6 Sn24,K8Si46,P m -3 n,223
ClathrateI_all_CollCode170298.cif,6c-16i-24k,ICSD 170298,Br8 P19.6 Sn24,K8Si46,P m -3 n,223
ClathrateI_all_CollCode170299.cif,6c-16i-24k,ICSD 170299,Br8 P19.6 Sn24,K8Si46,P m -3 n,223
ClathrateI_all_CollCode170300.cif,6c-16i-24k,ICSD 170300,Br8 P19.6 Sn24,K8Si46,P m -3 n,223
ClathrateI_all_CollCode170301.cif,6c-16i-24k,ICSD 170301,Br8 P19.6 Sn24,K8Si46,P m -3 n,223
ClathrateI_all_CollCode170302.cif,6c-16i-24k,ICSD 170302,Br8 P19.6 Sn24,K8Si46,P m -3 n,223
ClathrateI_all_CollCode170303.cif,6c-16i-24k,ICSD 170303,Br8 P19.6 Sn24,K8Si46,P m -3 n,223
ClathrateI_all_CollCode170304.cif,6c-16i-24k,ICSD 170304,Br8 P19.6 Sn24,K8Si46,P m -3 n,223
ClathrateI_all_CollCode171237.cif,6c-16i-24k,ICSD 171237,As22 Cu4.7 I8 Sn19.3,K8Si46,P m -3 n,223
ClathrateI_all_CollCode171241.cif,6c-16i-24k,ICSD 171241,Al13 Ba7.5 Si29,K8Si46,P m -3 n,223
ClathrateI_all_CollCode172829.cif,6c-16i-24k,ICSD 172829,Ba8 Cu4.602 Ge40.835,K8Si46,P m -3 n,223
ClathrateI_all_CollCode172830.cif,6c-16i-24k,ICSD 172830,Ba8 Cu6 Ge40,K8Si46,P m -3 n,223
ClathrateI_all_CollCode172831.cif,6c-16i-24k,ICSD 172831,Ba8 Cu6 Ge40,K8Si46,P m -3 n,223
ClathrateI_all_CollCode172832.cif,6c-16i-24k,ICSD 172832,Ba8 Cu6 Ge40,K8Si46,P m -3 n,223
ClathrateI_all_CollCode172833.cif,6c-16i-24k,ICSD 172833,Ba8 Cu6 Ge40,K8Si46,P m -3 n,223
ClathrateI_all_CollCode172834.cif,6c-16i-24k,ICSD 172834,Ba8 Cu6 Ge40,K8Si46,P m -3 n,223
ClathrateI_all_CollCode172835.cif,6c-16i-24k,ICSD 172835,Ba8 Cu6 Ge40,K8Si46,P m -3 n,223
ClathrateI_all_CollCode172836.cif,6c-16i-24k,ICSD 172836,Ba8 Cu6 Ge40,K8Si46,P m -3 n,223
ClathrateI_all_CollCode172837.cif,6c-16i-24k,ICSD 172837,Ba8 Cu6 Ge40,K8Si46,P m -3 n,223
ClathrateI_all_CollCode172838.cif,6c-16i-24k,ICSD 172838,Ba8 Cu6 Ge40,K8Si46,P m -3 n,223
ClathrateI_all_CollCode172839.cif,6c-16i-24k,ICSD 172839,Ba8 Cu6 Ge40,K8Si46,P m -3 n,223
ClathrateI_all_CollCode172840.cif,6c-16i-24k,ICSD 172840,Ba8 Cu6 Ge40,K8Si46,P m -3 n,223
ClathrateI_all_CollCode172841.cif,6c-16i-24k,ICSD 172841,Ba8 Cu6 Ge40,K8Si46,P m -3 n,223
ClathrateI_all_CollCode172842.cif,6c-16i-24k,ICSD 172842,Ba8 Cu6 Ge40,K8Si46,P m -3 n,223
ClathrateI_all_CollCode172843.cif,6c-16i-24k,ICSD 172843,Ba8 Cu6 Ge40,K8Si46,P m -3 n,223
ClathrateI_all_CollCode173169.cif,6c-16i-24k,ICSD 173169,K6.95 Si46,K8Si46,P m -3 n,223
ClathrateI_all_CollCode173170.cif,6c-16i-24k,ICSD 173170,Na6.19 Si46,K8Si46,P m -3 n,223
ClathrateI_all_CollCode17347.cif,6c-16i-24k,ICSD 17347,Ge42 Na8 Zn4,K8Si46,P m -3 n,223
ClathrateI_all_CollCode184034.cif,6c-16i-24k,ICSD 184034,I8 P19.3 Sn24,K8Si46,P m -3 n,223
ClathrateI_all_CollCode184701.cif,6c-16i-24k,ICSD 184701,I8 P19.3 Sn24,K8Si46,P m -3 n,223
ClathrateI_all_CollCode184702.cif,6c-16i-24k,ICSD 184702,I8 P19.3 Sn24,K8Si46,P m -3 n,223
ClathrateI_all_CollCode184703.cif,6c-16i-24k,ICSD 184703,I8 P19.3 Sn24,K8Si46,P m -3 n,223
ClathrateI_all_CollCode184704.cif,6c-16i-24k,ICSD 184704,I8 P19.3 Sn24,K8Si46,P m -3 n,223
ClathrateI_all_CollCode184705.cif,6c-16i-24k,ICSD 184705,I8 P19.3 Sn24,K8Si46,P m -3 n,223
ClathrateI_all_CollCode184706.cif,6c-16i-24k,ICSD 184706,I8 P19.3 Sn24,K8Si46,P m -3 n,223
ClathrateI_all_CollCode184707.cif,6c-16i-24k,ICSD 184707,I8 P19.3 Sn24,K8Si46,P m -3 n,223
ClathrateI_all_CollCode186954.cif,6c-16i-24k,ICSD 186954,Ba8 Ge42.66 Ni3.18,K8Si46,P m -3 n,223
ClathrateI_all_CollCode189532.cif,6c-16i-24k,ICSD 189532,Ba8 Ga16 Sn30,K8Si46,P m -3 n,223
ClathrateI_all_CollCode189533.cif,6c-16i-24k,ICSD 189533,Ba8 Ga16 Sn30,K8Si46,P m -3 n,223
ClathrateI_all_CollCode189534.cif,6c-16i-24k,ICSD 189534,Ba8 Ga16 Sn30,K8Si46,P m -3 n,223
ClathrateI_all_CollCode189535.cif,6c-16i-24k,ICSD 189535,Ba8 Ga16 Sn30,K8Si46,P m -3 n,223
ClathrateI_all_CollCode189536.cif,6c-16i-24k,ICSD 189536,Ba8 Ga16 Sn30,K8Si46,P m -3 n,223
ClathrateI_all_CollCode189537.cif,6c-16i-24k,ICSD 189537,Ba8 Ga16 Sn30,K8Si46,P m -3 n,223
ClathrateI_all_CollCode189538.cif,6c-16i-24k,ICSD 189538,Ba8 Ga16 Sn30,K8Si46,P m -3 n,223
ClathrateI_all_CollCode189539.cif,6c-16i-24k,ICSD 189539,Ba8 Ga16 Sn30,K8Si46,P m -3 n,223
ClathrateI_all_CollCode189540.cif,6c-16i-24k,ICSD 189540,Ba8 Ga16 Sn30,K8Si46,P m -3 n,223
ClathrateI_all_CollCode189541.cif,6c-16i-24k,ICSD 189541,Ba8 Ga16 Sn30,K8Si46,P m -3 n,223
ClathrateI_all_CollCode189542.cif,6c-16i-24k,ICSD 189542,Ba8 Ga16 Sn30,K8Si46,P m -3 n,223
ClathrateI_all_CollCode189543.cif,6c-16i-24k,ICSD 189543,Ba8 Ga16 Sn30,K8Si46,P m -3 n,223
ClathrateI_all_CollCode189544.cif,6c-16i-24k,ICSD 189544,Ba8 Ga16 Sn30,K8Si46,P m -3 n,223
ClathrateI_all_CollCode189545.cif,6c-16i-24k,ICSD 189545,Ba8 Ga16 Sn30,K8Si46,P m -3 n,223
ClathrateI_all_CollCode189546.cif,6c-16i-24k,ICSD 189546,Ba8 Ga16 Sn30,K8Si46,P m -3 n,223
ClathrateI_all_CollCode189547.cif,6c-16i-24k,ICSD 189547,Ba8 Ga16 Sn30,K8Si46,P m -3 n,223
ClathrateI_all_CollCode189548.cif,6c-16i-24k,ICSD 189548,Ba8 Ga16 Sn30,K8Si46,P m -3 n,223
ClathrateI_all_CollCode189549.cif,6c-16i-24k,ICSD 189549,Ba8 Ga16 Sn30,K8Si46,P m -3 n,223
ClathrateI_all_CollCode189550.cif,6c-16i-24k,ICSD 189550,Ba8 Ga16 Sn30,K8Si46,P m -3 n,223
ClathrateI_all_CollCode189551.cif,6c-16i-24k,ICSD 189551,Ba8 Ga16 Sn30,K8Si46,P m -3 n,223
ClathrateI_all_CollCode189552.cif,6c-16i-24k,ICSD 189552,Ba8 Ga16 Sn30,K8Si46,P m -3 n,223
ClathrateI_all_CollCode189553.cif,6c-16i-24k,ICSD 189553,Ba8 Ga16 Sn30,K8Si46,P m -3 n,223
ClathrateI_all_CollCode189554.cif,6c-16i-24k,ICSD 189554,Ba8 Ga16 Sn30,K8Si46,P m -3 n,223
ClathrateI_all_CollCode189555.cif,6c-16i-24k,ICSD 189555,Ba8 Ga16 Sn30,K8Si46,P m -3 n,223
ClathrateI_all_CollCode189556.cif,6c-16i-24k,ICSD 189556,Ba8 Ga16 Sn30,K8Si46,P m -3 n,223
ClathrateI_all_CollCode189557.cif,6c-16i-24k,ICSD 189557,Ba8 Ga16 Sn30,K8Si46,P m -3 n,223
ClathrateI_all_CollCode189558.cif,6c-16i-24k,ICSD 189558,Ba8 Ga16 Sn30,K8Si46,P m -3 n,223
ClathrateI_all_CollCode189559.cif,6c-16i-24k,ICSD 189559,Ba8 Ga16 Sn30,K8Si46,P m -3 n,223
ClathrateI_all_CollCode189560.cif,6c-16i-24k,ICSD 189560,Ba8 Ga16 Sn30,K8Si46,P m -3 n,223
ClathrateI_all_CollCode189561.cif,6c-16i-24k,ICSD 189561,Ba8 Ga16 Sn30,K8Si46,P m -3 n,223
ClathrateI_all_CollCode189562.cif,6c-16i-24k,ICSD 189562,Ba8 Ga16 Sn30,K8Si46,P m -3 n,223
ClathrateI_all_CollCode189563.cif,6c-16i-24k,ICSD 189563,Ba8 Ga16 Sn30,K8Si46,P m -3 n,223
ClathrateI_all_CollCode189564.cif,6c-16i-24k,ICSD 189564,Ba8 Ga16 Sn30,K8Si46,P m -3 n,223
ClathrateI_all_CollCode189565.cif,6c-16i-24k,ICSD 189565,Ba8 Ga16 Sn30,K8Si46,P m -3 n,223
ClathrateI_all_CollCode189566.cif,6c-16i-24k,ICSD 189566,Ba8 Ga16 Sn30,K8Si46,P m -3 n,223
ClathrateI_all_CollCode189567.cif,6c-16i-24k,ICSD 189567,Ba8 Ga16 Sn30,K8Si46,P m -3 n,223
ClathrateI_all_CollCode189568.cif,6c-16i-24k,ICSD 189568,Ba8 Ga16 Sn30,K8Si46,P m -3 n,223
ClathrateI_all_CollCode189569.cif,6c-16i-24k,ICSD 189569,Ba8 Ga16 Sn30,K8Si46,P m -3 n,223
ClathrateI_all_CollCode189570.cif,6c-16i-24k,ICSD 189570,Ba8 Ga16 Sn30,K8Si46,P m -3 n,223
ClathrateI_all_CollCode189571.cif,6c-16i-24k,ICSD 189571,Ba8 Ga16 Sn30,K8Si46,P m -3 n,223
ClathrateI_all_CollCode189572.cif,6c-16i-24k,ICSD 189572,Ba8 Ga16 Sn30,K8Si46,P m -3 n,223
ClathrateI_all_CollCode189573.cif,6c-16i-24k,ICSD 189573,Ba8 Ga16 Sn30,K8Si46,P m -3 n,223
ClathrateI_all_CollCode189594.cif,6c-16i-24k,ICSD 189594,Ba8 Ga16 Sn30,K8Si46,P m -3 n,223
ClathrateI_all_CollCode189595.cif,6c-16i-24k,ICSD 189595,Ba8 Ga16 Sn30,K8Si46,P m -3 n,223
ClathrateI_all_CollCode189596.cif,6c-16i-24k,ICSD 189596,Ba8 Ga16 Sn30,K8Si46,P m -3 n,223
ClathrateI_all_CollCode189597.cif,6c-16i-24k,ICSD 189597,Ba8 Ga16 Sn30,K8Si46,P m -3 n,223
ClathrateI_all_CollCode189598.cif,6c-16i-24k,ICSD 189598,Ba8 Ga16 Sn30,K8Si46,P m -3 n,223
ClathrateI_all_CollCode189599.cif,6c-16i-24k,ICSD 189599,Ba8 Ga16 Sn30,K8Si46,P m -3 n,223
ClathrateI_all_CollCode189600.cif,6c-16i-24k,ICSD 189600,Ba8 Ga16 Sn30,K8Si46,P m -3 n,223
ClathrateI_all_CollCode189601.cif,6c-16i-24k,ICSD 189601,Ba8 Ga16 Sn30,K8Si46,P m -3 n,223
ClathrateI_all_CollCode189602.cif,6c-16i-24k,ICSD 189602,Ba8 Ga16 Sn30,K8Si46,P m -3 n,223
ClathrateI_all_CollCode189846.cif,6c-16i-24k,ICSD 189846,Eu0.61 Ge37.12 In8.88 Rb7.39,K8Si46,P m -3 n,223
ClathrateI_all_CollCode189847.cif,6c-16i-24k,ICSD 189847,Eu1.7 Ge36.24 In9.76 Rb6.3,K8Si46,P m -3 n,223
ClathrateI_all_CollCode189848.cif,6c-16i-24k,ICSD 189848,Eu1.76 Ge35.84 In10.16 Rb6.24,K8Si46,P m -3 n,223
ClathrateI_all_CollCode190633.cif,6c-16i-24k,ICSD 190633,Ba8 Cu4.92 Ge40.54,K8Si46,P m -3 n,223
ClathrateI_all_CollCode190634.cif,6c-16i-24k,ICSD 190634,Ba7.94 Cu4.86 Ge40.44,K8Si46,P m -3 n,223
ClathrateI_all_CollCode190635.cif,6c-16i-24k,ICSD 190635,Ba7.68 Cu5.28 Ge40.12,K8Si46,P m -3 n,223
ClathrateI_all_CollCode191350.cif,6c-16i-24k,ICSD 191350,Au1 Ba8 Ga13 Ge32,K8Si46,P m -3 n,223
ClathrateI_all_CollCode191351.cif,6c-16i-24k,ICSD 191351,Au5.33 Ba8 Ge40.67,K8Si46,P m -3 n,223
ClathrateI_all_CollCode191408.cif,6c-16i-24k,ICSD 191408,Ba7.59 Ga15.07 Si30.88 Yb0.39,K8Si46,P m -3 n,223
ClathrateI_all_CollCode191764.cif,6c-16i-24k,ICSD 191764,Ba8 Si46,K8Si46,P m -3 n,223
ClathrateI_all_CollCode192979.cif,6c-16i-24k,ICSD 192979,Al8.02 K8 Si37.98,K8Si46,P m -3 n,223
ClathrateI_all_CollCode192980.cif,6c-16i-24k,ICSD 192980,Al8.01 Rb8 Si37.99,K8Si46,P m -3 n,223
ClathrateI_all_CollCode192981.cif,6c-16i-24k,ICSD 192981,Al7.9 Cs7.89 Si38.1,K8Si46,P m -3 n,223
ClathrateI_all_CollCode193668.cif,6c-16i-24k,ICSD 193668,Ba8 Ga14.6 Ge25.9 Mg3.97,K8Si46,P m -3 n,223
ClathrateI_all_CollCode195164.cif,6c-16i-24k,ICSD 195164,Cs6 Ga8.175 Na2 Si37.825,K8Si46,P m -3 n,223
ClathrateI_all_CollCode195166.cif,6c-16i-24k,ICSD 195166,Ga8 Na1.65 Rb6.35 Si38,K8Si46,P m -3 n,223
ClathrateI_all_CollCode195168.cif,6c-16i-24k,ICSD 195168,Na2.8 Rb5.2 Si42.15 Zn3.85,K8Si46,P m -3 n,223
ClathrateI_all_CollCode196332.cif,6c-16i-24k,ICSD 196332,Ba8 Si46,K8Si46,P m -3 n,223
ClathrateI_all_CollCode196333.cif,6c-16i-24k,ICSD 196333,Al10 Ba8 Si36,K8Si46,P m -3 n,223
ClathrateI_all_CollCode199093.cif,6c-16i-24k,ICSD 199093,Ba8 Cd8 Ge38,K8Si46,P m -3 n,223
ClathrateI_all_CollCode205227.cif,6c-16i-24k,ICSD 205227,Ga5.7 Na8 Si40.3,K8Si46,P m -3 n,223
ClathrateI_all_CollCode205228.cif,6c-16i-24k,ICSD 205228,Ga4.94 Na8 Si41.06,K8Si46,P m -3 n,223
ClathrateI_all_CollCode205229.cif,6c-16i-24k,ICSD 205229,Ga5.52 Na8 Si40.48,K8Si46,P m -3 n,223
ClathrateI_all_CollCode205230.cif,6c-16i-24k,ICSD 205230,Ga5.39 Na8 Si40.61,K8Si46,P m -3 n,223
ClathrateI_all_CollCode205231.cif,6c-16i-24k,ICSD 205231,Ga5.06 Na8 Si40.94,K8Si46,P m -3 n,223
ClathrateI_all_CollCode205377.cif,6c-16i-24k,ICSD 205377,Ba8 Cu13.5 P30.6 Zn1.9,K8Si46,P m -3 n,223
ClathrateI_all_CollCode205378.cif,6c-16i-24k,ICSD 205378,Ba8 Cu13.35 P29.25 Zn3.4,K8Si46,P m -3 n,223
ClathrateI_all_CollCode205379.cif,6c-16i-24k,ICSD 205379,Ba8 Cu13.6 P30.3 Zn2.1,K8Si46,P m -3 n,223
ClathrateI_all_CollCode205380.cif,6c-16i-24k,ICSD 205380,Ba8 Cu13.1 P29.6 Zn3.3,K8Si46,P m -3 n,223
ClathrateI_all_CollCode205383.cif,6c-16i-24k,ICSD 205383,Ba8 Cu14 Ge6 P26,K8Si46,P m -3 n,223
ClathrateI_all_CollCode205396.cif,6c-16i-24k,ICSD 205396,Ba8 Cu13.1 P29.6 Zn3.3,K8Si46,P m -3 n,223
ClathrateI_all_CollCode206074.cif,6c-16i-24k,ICSD 206074,Ga7.6 Na5.04 Si38.4 Sr2.96,K8Si46,P m -3 n,223
ClathrateI_all_CollCode206075.cif,6c-16i-24k,ICSD 206075,Ga8.4 Na4.2 Si37.6 Sr3.8,K8Si46,P m -3 n,223
ClathrateI_all_CollCode206076.cif,6c-16i-24k,ICSD 206076,Ga9.1 Na3.92 Si36.9 Sr4.08,K8Si46,P m -3 n,223
ClathrateI_all_CollCode213985.cif,6c-16i-24k,ICSD 213985,Au5.87 Ba7.34 Ce0.66 Si40.13,K8Si46,P m -3 n,223
ClathrateI_all_CollCode213986.cif,6c-16i-24k,ICSD 213986,Au5.32 Ba7.86 Si40.68 Yb0.14,K8Si46,P m -3 n,223
ClathrateI_all_CollCode213987.cif,6c-16i-24k,ICSD 213987,Au5.74 Ba7.36 Pr0.64 Si40.26,K8Si46,P m -3 n,223
ClathrateI_all_CollCode213988.cif,6c-16i-24k,ICSD 213988,Au5.36 Ba7.8 Si40.64 Sm0.2,K8Si46,P m -3 n,223
ClathrateI_all_CollCode235859.cif,6c-16i-24k,ICSD 235859,Al16 Ba8 Ge30,K8Si46,P m -3 n,223
ClathrateI_all_CollCode236973.cif,6c-16i-24k,ICSD 236973,Ga16 Ge30 Sr8,K8Si46,P m -3 n,223
ClathrateI_all_CollCode236974.cif,6c-16i-24k,ICSD 236974,Eu8 Ga16 Ge30,K8Si46,P m -3 n,223
ClathrateI_all_CollCode237576.cif,6c-16i-24k,ICSD 237576,Au2.47 Ge43.53 Rb7.88,K8Si46,P m -3 n,223
ClathrateI_all_CollCode237577.cif,6c-16i-24k,ICSD 237577,Au2.17 Ge43.83 K4.31 Rb3.69,K8Si46,P m -3 n,223
ClathrateI_all_CollCode237578.cif,6c-16i-24k,ICSD 237578,Au2.17 Ge43.83 K6.34 Rb1.66,K8Si46,P m -3 n,223
ClathrateI_all_CollCode237579.cif,6c-16i-24k,ICSD 237579,Au2.28 Ge43.72 K6.71,K8Si46,P m -3 n,223
ClathrateI_all_CollCode237925.cif,6c-16i-24k,ICSD 237925,Cu2.77 K8 Sn43.23,K8Si46,P m -3 n,223
ClathrateI_all_CollCode237926.cif,6c-16i-24k,ICSD 237926,Cu2.76 Rb8 Sn43.24,K8Si46,P m -3 n,223
ClathrateI_all_CollCode237927.cif,6c-16i-24k,ICSD 237927,Cs8 Cu2.69 Sn43.31,K8Si46,P m -3 n,223
ClathrateI_all_CollCode237928.cif,6c-16i-24k,ICSD 237928,K8 Sn42.22 Zn3.78,K8Si46,P m -3 n,223
ClathrateI_all_CollCode237929.cif,6c-16i-24k,ICSD 237929,Rb8 Sn42.48 Zn3.52,K8Si46,P m -3 n,223
ClathrateI_all_CollCode237930.cif,6c-16i-24k,ICSD 237930,Cs8 Sn42.57 Zn3.43,K8Si46,P m -3 n,223
ClathrateI_all_CollCode238319.cif,6c-16i-24k,ICSD 238319,Ba7.27 Si46,K8Si46,P m -3 n,223
ClathrateI_all_CollCode238335.cif,6c-16i-24k,ICSD 238335,Ge43.47 K8 Li2.29,K8Si46,P m -3 n,223
ClathrateI_all_CollCode238551.cif,6c-16i-24k,ICSD 238551,Al8 Na8 Si38,K8Si46,P m -3 n,223
ClathrateI_all_CollCode238552.cif,6c-16i-24k,ICSD 238552,Al1.01 Na1 Si4.75,K8Si46,P m -3 n,223
ClathrateI_all_CollCode238772.cif,6c-16i-24k,ICSD 238772,Al6.9 Ba8 Si39.1,K8Si46,P m -3 n,223
ClathrateI_all_CollCode240476.cif,6c-16i-24k,ICSD 240476,Al14.08 Ba8 Si30.83,K8Si46,P m -3 n,223
ClathrateI_all_CollCode245069.cif,6c-16i-24k,ICSD 245069,Ba8 Ga16 Ge30,K8Si46,P m -3 n,223
ClathrateI_all_CollCode245070.cif,6c-16i-24k,ICSD 245070,Ba8 Ga16 Ge30,K8Si46,P m -3 n,223
ClathrateI_all_CollCode245071.cif,6c-16i-24k,ICSD 245071,Ba8 Ga16 Ge30,K8Si46,P m -3 n,223
ClathrateI_all_CollCode245072.cif,6c-16i-24k,ICSD 245072,Ba8 Ga16 Ge30,K8Si46,P m -3 n,223
ClathrateI_all_CollCode246408.cif,6c-16i-24k,ICSD 246408,Cs7.3 Si46,K8Si46,P m -3 n,223
ClathrateI_all_CollCode246409.cif,6c-16i-24k,ICSD 246409,Cs6.9 Si46,K8Si46,P m -3 n,223
ClathrateI_all_CollCode246410.cif,6c-16i-24k,ICSD 246410,Cs7.8 Si46,K8Si46,P m -3 n,223
ClathrateI_all_CollCode246931.cif,6c-16i-24k,ICSD 246931,Cs6.54 Rb1.46 Sn44,K8Si46,P m -3 n,223
ClathrateI_all_CollCode247638.cif,6c-16i-24k,ICSD 247638,Ba8 Ge38 Zn8,K8Si46,P m -3 n,223
ClathrateI_all_CollCode247639.cif,6c-16i-24k,ICSD 247639,Ba6 Ge39 K2 Zn7,K8Si46,P m -3 n,223
ClathrateI_all_CollCode247640.cif,6c-16i-24k,ICSD 247640,Ba4 Ge40 K4 Zn6,K8Si46,P m -3 n,223
ClathrateI_all_CollCode247641.cif,6c-16i-24k,ICSD 247641,Ba2 Ge41 K6 Zn5,K8Si46,P m -3 n,223
ClathrateI_all_CollCode247642.cif,6c-16i-24k,ICSD 247642,Ge42 K8 Zn4,K8Si46,P m -3 n,223
ClathrateI_all_CollCode248148.cif,6c-16i-24k,ICSD 248148,Ge36 I8 Sb10,K8Si46,P m -3 n,223
ClathrateI_all_CollCode248168.cif,6c-16i-24k,ICSD 248168,Na4 Si23,K8Si46,P m -3 n,223
ClathrateI_all_CollCode248170.cif,6c-16i-24k,ICSD 248170,Na4 Si23,K8Si46,P m -3 n,223
ClathrateI_all_CollCode248172.cif,6c-16i-24k,ICSD 248172,Na4 Si23,K8Si46,P m -3 n,223
ClathrateI_all_CollCode248174.cif,6c-16i-24k,ICSD 248174,Na4 Si23,K8Si46,P m -3 n,223
ClathrateI_all_CollCode248176.cif,6c-16i-24k,ICSD 248176,Na4 Si23,K8Si46,P m -3 n,223
ClathrateI_all_CollCode248178.cif,6c-16i-24k,ICSD 248178,Na4 Si23,K8Si46,P m -3 n,223
ClathrateI_all_CollCode248180.cif,6c-16i-24k,ICSD 248180,Na4 Si23,K8Si46,P m -3 n,223
ClathrateI_all_CollCode248182.cif,6c-16i-24k,ICSD 248182,Na4 Si23,K8Si46,P m -3 n,223
ClathrateI_all_CollCode248184.cif,6c-16i-24k,ICSD 248184,Na4 Si23,K8Si46,P m -3 n,223
ClathrateI_all_CollCode248186.cif,6c-16i-24k,ICSD 248186,Na4 Si23,K8Si46,P m -3 n,223
ClathrateI_all_CollCode248188.cif,6c-16i-24k,ICSD 248188,Na4 Si23,K8Si46,P m -3 n,223
ClathrateI_all_CollCode248190.cif,6c-16i-24k,ICSD 248190,Na4 Si23,K8Si46,P m -3 n,223
ClathrateI_all_CollCode248882.cif,6c-16i-24k,ICSD 248882,P16 Se1.53 Si30 Te6.47,K8Si46,P m -3 n,223
ClathrateI_all_CollCode248883.cif,6c-16i-24k,ICSD 248883,P22 Se1.26 Si24 Te6.74,K8Si46,P m -3 n,223
ClathrateI_all_CollCode248884.cif,6c-16i-24k,ICSD 248884,P16 Se1.06 Si30 Te6.94,K8Si46,P m -3 n,223
ClathrateI_all_CollCode248894.cif,6c-16i-24k,ICSD 248894,Br5.01 P16 Si30 Te2.3,K8Si46,P m -3 n,223
ClathrateI_all_CollCode249419.cif,6c-16i-24k,ICSD 249419,Al14.1 Ba7.72 Eu0.28 Si30.64,K8Si46,P m -3 n,223
ClathrateI_all_CollCode249420.cif,6c-16i-24k,ICSD 249420,Al14.1 Ba7.33 Si30.64 Sr0.67,K8Si46,P m -3 n,223
ClathrateI_all_CollCode25062.cif,6c-16i-24k,ICSD 25062,B7.81 K7.85 Si38.19,K8Si46,P m -3 n,223
ClathrateI_all_CollCode251842.cif,6c-16i-24k,ICSD 251842,Ba8 Ga16 Ge30,K8Si46,P m -3 n,223
ClathrateI_all_CollCode251843.cif,6c-16i-24k,ICSD 251843,Ba8 Ga16 Ge30,K8Si46,P m -3 n,223
ClathrateI_all_CollCode251844.cif,6c-16i-24k,ICSD 251844,Ba8 Ga16 Ge30,K8Si46,P m -3 n,223
ClathrateI_all_CollCode251845.cif,6c-16i-24k,ICSD 251845,Ba8 Ga16 Ge30,K8Si46,P m -3 n,223
ClathrateI_all_CollCode251846.cif,6c-16i-24k,ICSD 251846,Ba8 Ga16 Ge30,K8Si46,P m -3 n,223
ClathrateI_all_CollCode25301.cif,6c-16i-24k,ICSD 25301,K8 Sn46,K8Si46,P m -3 n,223
ClathrateI_all_CollCode253319.cif,6c-16i-24k,ICSD 253319,Ge44.89 Na2 Rb6,K8Si46,P m -3 n,223
ClathrateI_all_CollCode253320.cif,6c-16i-24k,ICSD 253320,Cs6 Ge42 Na2 Zn4,K8Si46,P m -3 n,223
ClathrateI_all_CollCode253321.cif,6c-16i-24k,ICSD 253321,Cs6.4 Ga8 Ge38 Na1.6,K8Si46,P m -3 n,223
ClathrateI_all_CollCode25413.cif,6c-16i-24k,ICSD 25413,Na8 Si46,K8Si46,P m -3 n,223
ClathrateI_all_CollCode260195.cif,6c-16i-24k,ICSD 260195,As21 Ge25 I8,K8Si46,P m -3 n,223
ClathrateI_all_CollCode261319.cif,6c-16i-24k,ICSD 261319,Au5.3 Ba8 Ge40.7,K8Si46,P m -3 n,223
ClathrateI_all_CollCode261604.cif,6c-16i-24k,ICSD 261604,Ba6.18 Si46,K8Si46,P m -3 n,223
ClathrateI_all_CollCode261605.cif,6c-16i-24k,ICSD 261605,Ba6.2 Si46,K8Si46,P m -3 n,223
ClathrateI_all_CollCode261606.cif,6c-16i-24k,ICSD 261606,Ba6.31 Si46,K8Si46,P m -3 n,223
ClathrateI_all_CollCode261607.cif,6c-16i-24k,ICSD 261607,Ba6.62 Si46,K8Si46,P m -3 n,223
ClathrateI_all_CollCode262553.cif,6c-16i-24k,ICSD 262553,Al10.32 Si35.62 Sr8,K8Si46,P m -3 n,223
ClathrateI_all_CollCode262554.cif,6c-16i-24k,ICSD 262554,Al9.98 Ba7.96 Si35.95,K8Si46,P m -3 n,223
ClathrateI_all_CollCode26299.cif,6c-16i-24k,ICSD 26299,K8 Si46,K8Si46,P m -3 n,223
ClathrateI_all_CollCode26300.cif,6c-16i-24k,ICSD 26300,Ge46 K8,K8Si46,P m -3 n,223
ClathrateI_all_CollCode263104.cif,6c-16i-24k,ICSD 263104,Ba8 Ga14.93 Si31.36,K8Si46,P m -3 n,223
ClathrateI_all_CollCode263105.cif,6c-16i-24k,ICSD 263105,Ba8 Ga14.86 Si31.14,K8Si46,P m -3 n,223
ClathrateI_all_CollCode263106.cif,6c-16i-24k,ICSD 263106,Ba8 Ga15.1 Si30.9,K8Si46,P m -3 n,223
ClathrateI_all_CollCode263107.cif,6c-16i-24k,ICSD 263107,Ba8 Ga15.88 Si30.12,K8Si46,P m -3 n,223
ClathrateI_all_CollCode263108.cif,6c-16i-24k,ICSD 263108,Ba8 Ga15 Ge31,K8Si46,P m -3 n,223
ClathrateI_all_CollCode280003.cif,6c-16i-24k,ICSD 280003,I8 P19.29 Sn24,K8Si46,P m -3 n,223
ClathrateI_all_CollCode28122.cif,6c-16i-24k,ICSD 28122,K6.8 Si45.3,K8Si46,P m -3 n,223
ClathrateI_all_CollCode28123.cif,6c-16i-24k,ICSD 28123,Ge45 K7.4,K8Si46,P m -3 n,223
ClathrateI_all_CollCode281412.cif,6c-16i-24k,ICSD 281412,Ba7.76 Si46,K8Si46,P m -3 n,223
ClathrateI_all_CollCode281413.cif,6c-16i-24k,ICSD 281413,Ba6.63 Si46,K8Si46,P m -3 n,223
ClathrateI_all_CollCode31794.cif,6c-16i-24k,ICSD 31794,Cs8 Ga7.5 Sn38.5,K8Si46,P m -3 n,223
ClathrateI_all_CollCode31802.cif,6c-16i-24k,ICSD 31802,Cs8 Sn44.47,K8Si46,P m -3 n,223
ClathrateI_all_CollCode31803.cif,6c-16i-24k,ICSD 31803,Ga6.93 Rb8 Sn39.07,K8Si46,P m -3 n,223
ClathrateI_all_CollCode31804.cif,6c-16i-24k,ICSD 31804,Rb8 Sn43.98,K8Si46,P m -3 n,223
ClathrateI_all_CollCode31805.cif,6c-16i-24k,ICSD 31805,Rb8 Sn43.31,K8Si46,P m -3 n,223
ClathrateI_all_CollCode31806.cif,6c-16i-24k,ICSD 31806,Ga7.09 Rb8 Sn38.92,K8Si46,P m -3 n,223
ClathrateI_all_CollCode31807.cif,6c-16i-24k,ICSD 31807,Cs8 Sn43.99,K8Si46,P m -3 n,223
ClathrateI_all_CollCode380509.cif,6c-16i-24k,ICSD 380509,Al14.2 Ba7.37 Si31.8 Sr0.59,K8Si46,P m -3 n,223
ClathrateI_all_CollCode380510.cif,6c-16i-24k,ICSD 380510,Al14.22 Ba7.36 Si31.78 Sr0.6,K8Si46,P m -3 n,223
ClathrateI_all_CollCode38190.cif,6c-16i-24k,ICSD 38190,Al5.2 Ba8 Ge40.8,K8Si46,P m -3 n,223
ClathrateI_all_CollCode38201.cif,6c-16i-24k,ICSD 38201,Al6.7 Ba8 Ge39.3,K8Si46,P m -3 n,223
ClathrateI_all_CollCode38202.cif,6c-16i-24k,ICSD 38202,Al6.3 Ba8 Ge39.7,K8Si46,P m -3 n,223
ClathrateI_all_CollCode38203.cif,6c-16i-24k,ICSD 38203,Al8.8 Ba8 Ge37.2,K8Si46,P m -3 n,223
ClathrateI_all_CollCode38214.cif,6c-16i-24k,ICSD 38214,Al5.208 Ba8 Ga10.792 Ge30,K8Si46,P m -3 n,223
ClathrateI_all_CollCode38216.cif,6c-16i-24k,ICSD 38216,Al7.4 Ba8 Ge38.6,K8Si46,P m -3 n,223
ClathrateI_all_CollCode38224.cif,6c-16i-24k,ICSD 38224,Al5.208 Ba8 Ga10.792 Ge30,K8Si46,P m -3 n,223
ClathrateI_all_CollCode38227.cif,6c-16i-24k,ICSD 38227,Ba8 Ge45.2,K8Si46,P m -3 n,223
ClathrateI_all_CollCode38230.cif,6c-16i-24k,ICSD 38230,Al5.208 Ba8 Ga10.792 Ge30,K8Si46,P m -3 n,223
ClathrateI_all_CollCode38234.cif,6c-16i-24k,ICSD 38234,Al5.2 Ba8 Ge40.8,K8Si46,P m -3 n,223
ClathrateI_all_CollCode38240.cif,6c-16i-24k,ICSD 38240,Al5.2 Ba8 Ge40.8,K8Si46,P m -3 n,223
ClathrateI_all_CollCode38241.cif,6c-16i-24k,ICSD 38241,Al5.208 Ba8 Ga10.792 Ge30,K8Si46,P m -3 n,223
ClathrateI_all_CollCode400448.cif,6c-16i-24k,ICSD 400448,Ge40 In6 K8,K8Si46,P m -3 n,223
ClathrateI_all_CollCode40562.cif,6c-16i-24k,ICSD 40562,Ba8 Ni1.8 Si44.2,K8Si46,P m -3 n,223
ClathrateI_all_CollCode40563.cif,6c-16i-24k,ICSD 40563,Ba8 Pd2.5 Si43.5,K8Si46,P m -3 n,223
ClathrateI_all_CollCode40564.cif,6c-16i-24k,ICSD 40564,Ba8 Pt2.7 Si43.3,K8Si46,P m -3 n,223
ClathrateI_all_CollCode40565.cif,6c-16i-24k,ICSD 40565,Ba8 Cu4 Si42,K8Si46,P m -3 n,223
ClathrateI_all_CollCode40566.cif,6c-16i-24k,ICSD 40566,Ag3.8 Ba8 Si42.2,K8Si46,P m -3 n,223
ClathrateI_all_CollCode40567.cif,6c-16i-24k,ICSD 40567,Au6 Ba8 Si40,K8Si46,P m -3 n,223
ClathrateI_all_CollCode40912.cif,6c-16i-24k,ICSD 40912,Ba8 Ga14.56 Si31.44,K8Si46,P m -3 n,223
ClathrateI_all_CollCode409247.cif,6c-16i-24k,ICSD 409247,Ga7.9 K8 Si38.1,K8Si46,P m -3 n,223
ClathrateI_all_CollCode409249.cif,6c-16i-24k,ICSD 409249,Al7.84 Ge38.16 Rb8,K8Si46,P m -3 n,223
ClathrateI_all_CollCode409251.cif,6c-16i-24k,ICSD 409251,Cs8 Ga8 Ge38,K8Si46,P m -3 n,223
ClathrateI_all_CollCode409253.cif,6c-16i-24k,ICSD 409253,Ge38.18 In7.81 Rb8,K8Si46,P m -3 n,223
ClathrateI_all_CollCode409254.cif,6c-16i-24k,ICSD 409254,Ge37.86 In8.14 K8,K8Si46,P m -3 n,223
ClathrateI_all_CollCode409255.cif,6c-16i-24k,ICSD 409255,Al8 Ge38 K8,K8Si46,P m -3 n,223
ClathrateI_all_CollCode409258.cif,6c-16i-24k,ICSD 409258,Ga8 Ge38 Rb8,K8Si46,P m -3 n,223
ClathrateI_all_CollCode409259.cif,6c-16i-24k,ICSD 409259,Ga8 Rb8 Si38,K8Si46,P m -3 n,223
ClathrateI_all_CollCode409367.cif,6c-16i-24k,ICSD 409367,Cs8 Ge37.78 In8.22,K8Si46,P m -3 n,223
ClathrateI_all_CollCode409448.cif,6c-16i-24k,ICSD 409448,Cs8 Sn44,K8Si46,P m -3 n,223
ClathrateI_all_CollCode409469.cif,6c-16i-24k,ICSD 409469,Ba8 Ge42.9,K8Si46,P m -3 n,223
ClathrateI_all_CollCode409604.cif,6c-16i-24k,ICSD 409604,Ga11.95 Si34.05 Sr8,K8Si46,P m -3 n,223
ClathrateI_all_CollCode409614.cif,6c-16i-24k,ICSD 409614,Ba8 Ga4.44 Ge39.14,K8Si46,P m -3 n,223
ClathrateI_all_CollCode409615.cif,6c-16i-24k,ICSD 409615,Ba8 Ga8.62 Ge36,K8Si46,P m -3 n,223
ClathrateI_all_CollCode409616.cif,6c-16i-24k,ICSD 409616,Ba8 Ga12.35 Ge33.27,K8Si46,P m -3 n,223
ClathrateI_all_CollCode409912.cif,6c-16i-24k,ICSD 409912,Ba6 Na2 Si46,K8Si46,P m -3 n,223
ClathrateI_all_CollCode411062.cif,6c-16i-24k,ICSD 411062,Ga16.18 Ge29.82 Sr8,K8Si46,P m -3 n,223
ClathrateI_all_CollCode411063.cif,6c-16i-24k,ICSD 411063,Ba8 Ga21.95 Ge24.05,K8Si46,P m -3 n,223
ClathrateI_all_CollCode411923.cif,6c-16i-24k,ICSD 411923,I8 P22 Sn17 Zn7,K8Si46,P m -3 n,223
ClathrateI_all_CollCode411925.cif,6c-16i-24k,ICSD 411925,I8 P20.8 Sn20 Zn4,K8Si46,P m -3 n,223
ClathrateI_all_CollCode414081.cif,6c-16i-24k,ICSD 414081,I6.52 P5.6 Si40.4,K8Si46,P m -3 n,223
ClathrateI_all_CollCode415563.cif,6c-16i-24k,ICSD 415563,Ge40 I8 Te5.3,K8Si46,P m -3 n,223
ClathrateI_all_CollCode417501.cif,6c-16i-24k,ICSD 417501,Hg4 K8 Sn42,K8Si46,P m -3 n,223
ClathrateI_all_CollCode417502.cif,6c-16i-24k,ICSD 417502,Ge42.97 Hg3.03 Rb8,K8Si46,P m -3 n,223
ClathrateI_all_CollCode417939.cif,6c-16i-24k,ICSD 417939,Cl0.49 I7.51 P19.24 Sn24,K8Si46,P m -3 n,223
ClathrateI_all_CollCode417940.cif,6c-16i-24k,ICSD 417940,Cl0.8 I7.18 P19.3 Sn24,K8Si46,P m -3 n,223
ClathrateI_all_CollCode417941.cif,6c-16i-24k,ICSD 417941,Cl0.25 I7.75 P19.24 Sn24,K8Si46,P m -3 n,223
ClathrateI_all_CollCode417970.cif,6c-16i-24k,ICSD 417970,Cs8 Sn44,K8Si46,P m -3 n,223
ClathrateI_all_CollCode418007.cif,6c-16i-24k,ICSD 418007,Cs8 Hg4 Sn42,K8Si46,P m -3 n,223
ClathrateI_all_CollCode418008.cif,6c-16i-24k,ICSD 418008,Hg4 Rb8 Sn42,K8Si46,P m -3 n,223
ClathrateI_all_CollCode418045.cif,6c-16i-24k,ICSD 418045,Ge42.81 Hg3.19 K8,K8Si46,P m -3 n,223
ClathrateI_all_CollCode419207.cif,6c-16i-24k,ICSD 419207,I8 P19.3 Sn24,K8Si46,P m -3 n,223
ClathrateI_all_CollCode419208.cif,6c-16i-24k,ICSD 419208,As1.24 I8 P17.95 Sn24,K8Si46,P m -3 n,223
ClathrateI_all_CollCode419209.cif,6c-16i-24k,ICSD 419209,As2.23 I8 P16.99 Sn24,K8Si46,P m -3 n,223
ClathrateI_all_CollCode419210.cif,6c-16i-24k,ICSD 419210,As7.81 I8 P11.32 Sn24,K8Si46,P m -3 n,223
ClathrateI_all_CollCode419211.cif,6c-16i-24k,ICSD 419211,As11.41 I8 P7.86 Sn24,K8Si46,P m -3 n,223
ClathrateI_all_CollCode419212.cif,6c-16i-24k,ICSD 419212,As11.42 I8 P7.76 Sn24,K8Si46,P m -3 n,223
ClathrateI_all_CollCode419213.cif,6c-16i-24k,ICSD 419213,As15.78 I8 P3.53 Sn24,K8Si46,P m -3 n,223
ClathrateI_all_CollCode420113.cif,6c-16i-24k,ICSD 420113,Cd17.93 Cs8 Sb28.07,K8Si46,P m -3 n,223
ClathrateI_all_CollCode420114.cif,6c-16i-24k,ICSD 420114,Cs8 Sb28.11 Zn17.89,K8Si46,P m -3 n,223
ClathrateI_all_CollCode422586.cif,6c-16i-24k,ICSD 422586,Ba8 Ga16 Ge30,K8Si46,P m -3 n,223
ClathrateI_all_CollCode422654.cif,6c-16i-24k,ICSD 422654,Ge38.3 I7.44 Sb7.7,K8Si46,P m -3 n,223
ClathrateI_all_CollCode423131.cif,6c-16i-24k,ICSD 423131,Cs8 Ge44.4,K8Si46,P m -3 n,223
ClathrateI_all_CollCode423636.cif,6c-16i-24k,ICSD 423636,As21.4 I8 In9.7 Sn14,K8Si46,P m -3 n,223
ClathrateI_all_CollCode423660.cif,6c-16i-24k,ICSD 423660,Ba8 Ni3.48 Si42.12,K8Si46,P m -3 n,223
ClathrateI_all_CollCode424860.cif,6c-16i-24k,ICSD 424860,As27.8 K7.22 Zn18.2,K8Si46,P m -3 n,223
ClathrateI_all_CollCode424861.cif,6c-16i-24k,ICSD 424861,As27.8 Cs6.36 Zn18.2,K8Si46,P m -3 n,223
ClathrateI_all_CollCode424862.cif,6c-16i-24k,ICSD 424862,As28.06 Cd17.94 Cs7.26,K8Si46,P m -3 n,223
ClathrateI_all_CollCode424863.cif,6c-16i-24k,ICSD 424863,As27.8 Rb7.17 Zn18.2,K8Si46,P m -3 n,223
ClathrateI_all_CollCode425873.cif,6c-16i-24k,ICSD 425873,Ga8.5 K8 Sn37.5,K8Si46,P m -3 n,223
ClathrateI_all_CollCode426509.cif,6c-16i-24k,ICSD 426509,K8 Sn42 Zn4,K8Si46,P m -3 n,223
ClathrateI_all_CollCode427684.cif,6c-16i-24k,ICSD 427684,Al8 K8 Si38,K8Si46,P m -3 n,223
ClathrateI_all_CollCode427685.cif,6c-16i-24k,ICSD 427685,Al8 Rb8 Si38,K8Si46,P m -3 n,223
ClathrateI_all_CollCode427686.cif,6c-16i-24k,ICSD 427686,Al7.9 Cs7.9 Si38.1,K8Si46,P m -3 n,223
ClathrateI_all_CollCode429308.cif,6c-16i-24k,ICSD 429308,K8 Si42.54 Zn3.46,K8Si46,P m -3 n,223
ClathrateI_all_CollCode429309.cif,6c-16i-24k,ICSD 429309,K8 Si42.5 Zn3.5,K8Si46,P m -3 n,223
ClathrateI_all_CollCode429310.cif,6c-16i-24k,ICSD 429310,Rb7.86 Si42.37 Zn3.63,K8Si46,P m -3 n,223
ClathrateI_all_CollCode429311.cif,6c-16i-24k,ICSD 429311,Rb7.89 Si42.34 Zn3.66,K8Si46,P m -3 n,223
ClathrateI_all_CollCode429312.cif,6c-16i-24k,ICSD 429312,Cs7.45 Ga7.11 Si38.9,K8Si46,P m -3 n,223
ClathrateI_all_CollCode429313.cif,6c-16i-24k,ICSD 429313,Cs7.62 Ga7.17 Si38.83,K8Si46,P m -3 n,223
ClathrateI_all_CollCode429314.cif,6c-16i-24k,ICSD 429314,Cs7.71 Ga7.02 Si38.98,K8Si46,P m -3 n,223
ClathrateI_all_CollCode433277.cif,6c-16i-24k,ICSD 433277,Ge38.693 I7.551 P7.319,K8Si46,P m -3 n,223
ClathrateI_all_CollCode433278.cif,6c-16i-24k,ICSD 433278,As6.231 Ge39.361 I7.868,K8Si46,P m -3 n,223
ClathrateI_all_CollCode433338.cif,6c-16i-24k,ICSD 433338,Rb8 Si42.4 Zn3.6,K8Si46,P m -3 n,223
ClathrateI_all_CollCode46841.cif,6c-16i-24k,ICSD 46841,Rb6.8 Si46,K8Si46,P m -3 n,223
ClathrateI_all_CollCode48621.cif,6c-16i-24k,ICSD 48621,B4.06 Na8 Si41.94,K8Si46,P m -3 n,223
ClathrateI_all_CollCode499448.cif,6c-16i-24k,ICSD 499448,Cs8 Sn44.24,K8Si46,P m -3 n,223
ClathrateI_all_CollCode50796.cif,6c-16i-24k,ICSD 50796,Na8 Si46,K8Si46,P m -3 n,223
ClathrateI_all_CollCode52613.cif,6c-16i-24k,ICSD 52613,Al8.2 Ba4 Ge14.8,K8Si46,P m -3 n,223
ClathrateI_all_CollCode52633.cif,6c-16i-24k,ICSD 52633,Ba4 Ga8.05 Ge14.95,K8Si46,P m -3 n,223
ClathrateI_all_CollCode56719.cif,6c-16i-24k,ICSD 56719,Ba7.78 Ga16 Ge30,K8Si46,P m -3 n,223
ClathrateI_all_CollCode56980.cif,6c-16i-24k,ICSD 56980,Ag3 Ba4 Ge20,K8Si46,P m -3 n,223
ClathrateI_all_CollCode57034.cif,6c-16i-24k,ICSD 57034,Ba4 Ge20 Ni3,K8Si46,P m -3 n,223
ClathrateI_all_CollCode57035.cif,6c-16i-24k,ICSD 57035,Ba4 Ge20 Pd3,K8Si46,P m -3 n,223
ClathrateI_all_CollCode57036.cif,6c-16i-24k,ICSD 57036,Ba4 Cu3 Ge20,K8Si46,P m -3 n,223
ClathrateI_all_CollCode57037.cif,6c-16i-24k,ICSD 57037,Au3 Ba4 Ge20,K8Si46,P m -3 n,223
ClathrateI_all_CollCode59226.cif,6c-16i-24k,ICSD 59226,Ge43.333 I10.6667,K8Si46,P m -3 n,223
ClathrateI_all_CollCode606154.cif,6c-16i-24k,ICSD 606154,Al8 Ba4 Si15,K8Si46,P m -3 n,223
ClathrateI_all_CollCode607983.cif,6c-16i-24k,ICSD 607983,Al23 Ge23 Na8,K8Si46,P m -3 n,223
ClathrateI_all_CollCode608259.cif,6c-16i-24k,ICSD 608259,Al23 K8 Si23,K8Si46,P m -3 n,223
ClathrateI_all_CollCode608260.cif,6c-16i-24k,ICSD 608260,Al23 K8 Sn23,K8Si46,P m -3 n,223
ClathrateI_all_CollCode609336.cif,6c-16i-24k,ICSD 609336,Al16 Si30 Sr8,K8Si46,P m -3 n,223
ClathrateI_all_CollCode615886.cif,6c-16i-24k,ICSD 615886,Ba4 Ge15 In8,K8Si46,P m -3 n,223
ClathrateI_all_CollCode615897.cif,6c-16i-24k,ICSD 615897,Ba4 Ge20 Pt3,K8Si46,P m -3 n,223
ClathrateI_all_CollCode615908.cif,6c-16i-24k,ICSD 615908,Ba4 Ge19 Zn4,K8Si46,P m -3 n,223
ClathrateI_all_CollCode62352.cif,6c-16i-24k,ICSD 62352,Cs8 Sn46,K8Si46,P m -3 n,223
ClathrateI_all_CollCode627107.cif,6c-16i-24k,ICSD 627107,Cs4 Sn23,K8Si46,P m -3 n,223
ClathrateI_all_CollCode627108.cif,6c-16i-24k,ICSD 627108,Cs4 Sn23,K8Si46,P m -3 n,223
ClathrateI_all_CollCode634249.cif,6c-16i-24k,ICSD 634249,Ga23 Ge23 K8,K8Si46,P m -3 n,223
ClathrateI_all_CollCode634262.cif,6c-16i-24k,ICSD 634262,Ga16 Ge30 Na8,K8Si46,P m -3 n,223
ClathrateI_all_CollCode634280.cif,6c-16i-24k,ICSD 634280,Ga8 Ge15 Sr4,K8Si46,P m -3 n,223
ClathrateI_all_CollCode634471.cif,6c-16i-24k,ICSD 634471,Ga14 K8 Si32,K8Si46,P m -3 n,223
ClathrateI_all_CollCode634472.cif,6c-16i-24k,ICSD 634472,Ga23 K8 Sn23,K8Si46,P m -3 n,223
ClathrateI_all_CollCode634473.cif,6c-16i-24k,ICSD 634473,Ga23 K8 Sn23,K8Si46,P m -3 n,223
ClathrateI_all_CollCode634728.cif,6c-16i-24k,ICSD 634728,Ga23 Na8 Si23,K8Si46,P m -3 n,223
ClathrateI_all_CollCode635417.cif,6c-16i-24k,ICSD 635417,Ga16 Si30 Sr8,K8Si46,P m -3 n,223
ClathrateI_all_CollCode636685.cif,6c-16i-24k,ICSD 636685,Ge30 In16 K8,K8Si46,P m -3 n,223
ClathrateI_all_CollCode636686.cif,6c-16i-24k,ICSD 636686,Ge30 In16 K8,K8Si46,P m -3 n,223
ClathrateI_all_CollCode639836.cif,6c-16i-24k,ICSD 639836,In18 K8 Si28,K8Si46,P m -3 n,223
ClathrateI_all_CollCode639837.cif,6c-16i-24k,ICSD 639837,In23 K8 Sn23,K8Si46,P m -3 n,223
ClathrateI_all_CollCode710030.cif,6c-16i-24k,ICSD 710030,Ge44 K8,K8Si46,P m -3 n,223
ClathrateI_all_CollCode710091.cif,6c-16i-24k,ICSD 710091,Ba7.56 Ge40 Sr0.44 Zn6,K8Si46,P m -3 n,223
ClathrateI_all_CollCode77178.cif,6c-16i-24k,ICSD 77178,Ba8 Ge38 Zn8,K8Si46,P m -3 n,223
ClathrateI_all_CollCode77179.cif,6c-16i-24k,ICSD 77179,Ba8 Cd8 Ge38,K8Si46,P m -3 n,223
ClathrateI_all_CollCode77180.cif,6c-16i-24k,ICSD 77180,Ba8 Cd4 Ge40,K8Si46,P m -3 n,223
ClathrateI_all_CollCode79866.cif,6c-16i-24k,ICSD 79866,Ba4.92 K2.88 Si46,K8Si46,P m -3 n,223
ClathrateI_all_CollCode86756.cif,6c-16i-24k,ICSD 86756,Na8 Si46,K8Si46,P m -3 n,223
ClathrateI_all_CollCode90093.cif,6c-16i-24k,ICSD 90093,Ba8 Si46,K8Si46,P m -3 n,223
ClathrateI_all_CollCode90172.cif,6c-16i-24k,ICSD 90172,Ga16 Ge30 Sr8,K8Si46,P m -3 n,223
ClathrateI_all_CollCode90173.cif,6c-16i-24k,ICSD 90173,Ga16 Ge30 Sr8,K8Si46,P m -3 n,223
ClathrateI_all_CollCode90174.cif,6c-16i-24k,ICSD 90174,Ga16 Ge30 Sr8,K8Si46,P m -3 n,223
ClathrateI_all_CollCode90175.cif,6c-16i-24k,ICSD 90175,Ga16 Ge30 Sr8,K8Si46,P m -3 n,223
ClathrateI_all_CollCode90176.cif,6c-16i-24k,ICSD 90176,Ga16 Ge30 Sr8,K8Si46,P m -3 n,223
ClathrateI_all_CollCode90177.cif,6c-16i-24k,ICSD 90177,Ga16 Ge30 Sr8,K8Si46,P m -3 n,223
ClathrateI_all_CollCode90467.cif,6c-16i-24k,ICSD 90467,Ga16 Ge30 Sr8,K8Si46,P m -3 n,223
ClathrateI_all_CollCode91103.cif,6c-16i-24k,ICSD 91103,Ba8 Ga17.134 Ge25.595 Sb2.78,K8Si46,P m -3 n,223
ClathrateI_all_CollCode91285.cif,6c-16i-24k,ICSD 91285,K7.62 Si46.63,K8Si46,P m -3 n,223
ClathrateI_all_CollCode91286.cif,6c-16i-24k,ICSD 91286,Rb6.148 Si46.27,K8Si46,P m -3 n,223
ClathrateI_all_CollCode91287.cif,6c-16i-24k,ICSD 91287,Ge44.05 K7.52,K8Si46,P m -3 n,223
ClathrateI_all_CollCode93316.cif,6c-16i-24k,ICSD 93316,Ba8 Ga16 Ge30,K8Si46,P m -3 n,223
ClathrateI_all_CollCode93317.cif,6c-16i-24k,ICSD 93317,Ba8 Ga16 Ge30,K8Si46,P m -3 n,223
ClathrateI_all_CollCode93318.cif,6c-16i-24k,ICSD 93318,Ba8 Ga16 Ge30,K8Si46,P m -3 n,223
ClathrateI_all_CollCode93319.cif,6c-16i-24k,ICSD 93319,Ba8 Ga16 Ge30,K8Si46,P m -3 n,223
ClathrateI_all_CollCode93320.cif,6c-16i-24k,ICSD 93320,Ba8 Ga16 Ge30,K8Si46,P m -3 n,223
ClathrateI_all_CollCode93455.cif,6c-16i-24k,ICSD 93455,Ba8 Ga16 Ge30,K8Si46,P m -3 n,223
ClathrateI_all_CollCode93456.cif,6c-16i-24k,ICSD 93456,Ga16 Ge30 Sr8,K8Si46,P m -3 n,223
ClathrateI_all_CollCode93457.cif,6c-16i-24k,ICSD 93457,Ba8 Ga16 Si30,K8Si46,P m -3 n,223
ClathrateI_all_CollCode97476.cif,6c-16i-24k,ICSD 97476,Ba7.6 Si46,K8Si46,P m -3 n,223
ClathrateI_all_CollCode97477.cif,6c-16i-24k,ICSD 97477,Ba7.71 Ge3.07 Si42.7,K8Si46,P m -3 n,223
ClathrateI_all_CollCode97478.cif,6c-16i-24k,ICSD 97478,Ba7.72 Ge6.38 Si39.35,K8Si46,P m -3 n,223
ClathrateI_all_CollCode97479.cif,6c-16i-24k,ICSD 97479,Ba7.87 Ge11.97 Si33.31,K8Si46,P m -3 n,223
ClathrateI_all_CollCode97480.cif,6c-16i-24k,ICSD 97480,Ba8 Ge42.84,K8Si46,P m -3 n,223
ClathrateI_all_CollCode99511.cif,6c-16i-24k,ICSD 99511,Ba7.96 Ga10 Si34.01,K8Si46,P m -3 n,223
ClathrateI_all_CollCode99512.cif,6c-16i-24k,ICSD 99512,Ba7.97 Ga16 Si30,K8Si46,P m -3 n,223
ClathrateI_all_CollCode111109.cif,6c-16i-24k+M_on_24k,ICSD 111109,Ga8 Ge38 Na8,K8Si46,P m -3 n,223
ClathrateI_all_CollCode145822.cif,6c-16i-24k+M_on_24k,ICSD 145822,Al8 Ge38 Na8,K8Si46,P m -3 n,223
ClathrateI_all_CollCode151880.cif,6c-16i-24k+M_on_24k,ICSD 151880,Ga16 Ge30 Sr8,K8Si46,P m -3 n,223
ClathrateI_all_CollCode161949.cif,6c-16i-24k+M_on_24k,ICSD 161949,Ba8 Ga16 Sn30,K8Si46,P m -3 n,223
ClathrateI_all_CollCode161950.cif,6c-16i-24k+M_on_24k,ICSD 161950,Ba8 Ga16 Sn30,K8Si46,P m -3 n,223
ClathrateI_all_CollCode166918.cif,6c-16i-24k+M_on_24k,ICSD 166918,Ba8 Ge42.1 Ni3.5,K8Si46,P m -3 n,223
ClathrateI_all_CollCode179569.cif,6c-16i-24k+M_on_24k,ICSD 179569,Ge42 Na8 Zn4,K8Si46,P m -3 n,223
ClathrateI_all_CollCode179570.cif,6c-16i-24k+M_on_24k,ICSD 179570,Cs7.7 Ge42 Zn4,K8Si46,P m -3 n,223
ClathrateI_all_CollCode186989.cif,6c-16i-24k+M_on_24k,ICSD 186989,Ba8 Rh2.74 Si42.61,K8Si46,P m -3 n,223
ClathrateI_all_CollCode189574.cif,6c-16i-24k+M_on_24k,ICSD 189574,Ba8 Ga16 Sn30,K8Si46,P m -3 n,223
ClathrateI_all_CollCode189575.cif,6c-16i-24k+M_on_24k,ICSD 189575,Ba8 Ga16 Sn30,K8Si46,P m -3 n,223
ClathrateI_all_CollCode189576.cif,6c-16i-24k+M_on_24k,ICSD 189576,Ba8 Ga16 Sn30,K8Si46,P m -3 n,223
ClathrateI_all_CollCode189577.cif,6c-16i-24k+M_on_24k,ICSD 189577,Ba8 Ga16 Sn30,K8Si46,P m -3 n,223
ClathrateI_all_CollCode189578.cif,6c-16i-24k+M_on_24k,ICSD 189578,Ba8 Ga16 Sn30,K8Si46,P m -3 n,223
ClathrateI_all_CollCode189579.cif,6c-16i-24k+M_on_24k,ICSD 189579,Ba8 Ga16 Sn30,K8Si46,P m -3 n,223
ClathrateI_all_CollCode189580.cif,6c-16i-24k+M_on_24k,ICSD 189580,Ba8 Ga16 Sn30,K8Si46,P m -3 n,223
ClathrateI_all_CollCode189581.cif,6c-16i-24k+M_on_24k,ICSD 189581,Ba8 Ga16 Sn30,K8Si46,P m -3 n,223
ClathrateI_all_CollCode189582.cif,6c-16i-24k+M_on_24k,ICSD 189582,Ba8 Ga16 Sn30,K8Si46,P m -3 n,223
ClathrateI_all_CollCode189583.cif,6c-16i-24k+M_on_24k,ICSD 189583,Ba8 Ga16 Sn30,K8Si46,P m -3 n,223
ClathrateI_all_CollCode189584.cif,6c-16i-24k+M_on_24k,ICSD 189584,Ba8 Ga16 Sn30,K8Si46,P m -3 n,223
ClathrateI_all_CollCode189585.cif,6c-16i-24k+M_on_24k,ICSD 189585,Ba8 Ga16 Sn30,K8Si46,P m -3 n,223
ClathrateI_all_CollCode189586.cif,6c-16i-24k+M_on_24k,ICSD 189586,Ba8 Ga16 Sn30,K8Si46,P m -3 n,223
ClathrateI_all_CollCode189587.cif,6c-16i-24k+M_on_24k,ICSD 189587,Ba8 Ga16 Sn30,K8Si46,P m -3 n,223
ClathrateI_all_CollCode189588.cif,6c-16i-24k+M_on_24k,ICSD 189588,Ba8 Ga16 Sn30,K8Si46,P m -3 n,223
ClathrateI_all_CollCode189589.cif,6c-16i-24k+M_on_24k,ICSD 189589,Ba8 Ga16 Sn30,K8Si46,P m -3 n,223
ClathrateI_all_CollCode189590.cif,6c-16i-24k+M_on_24k,ICSD 189590,Ba8 Ga16 Sn30,K8Si46,P m -3 n,223
ClathrateI_all_CollCode189591.cif,6c-16i-24k+M_on_24k,ICSD 189591,Ba8 Ga16 Sn30,K8Si46,P m -3 n,223
ClathrateI_all_CollCode189592.cif,6c-16i-24k+M_on_24k,ICSD 189592,Ba8 Ga16 Sn30,K8Si46,P m -3 n,223
ClathrateI_all_CollCode189593.cif,6c-16i-24k+M_on_24k,ICSD 189593,Ba8 Ga16 Sn30,K8Si46,P m -3 n,223
ClathrateI_all_CollCode236975.cif,6c-16i-24k+M_on_24k,ICSD 236975,Eu8 Ga16 Ge30,K8Si46,P m -3 n,223
ClathrateI_all_CollCode236976.cif,6c-16i-24k+M_on_24k,ICSD 236976,Ga16 Ge30 Sr8,K8Si46,P m -3 n,223
ClathrateI_all_CollCode251847.cif,6c-16i-24k+M_on_24k,ICSD 251847,Eu8 Ga16 Ge30,K8Si46,P m -3 n,223
ClathrateI_all_CollCode251848.cif,6c-16i-24k+M_on_24k,ICSD 251848,Eu8 Ga16 Ge30,K8Si46,P m -3 n,223
ClathrateI_all_CollCode251849.cif,6c-16i-24k+M_on_24k,ICSD 251849,Eu8 Ga16 Ge30,K8Si46,P m -3 n,223
ClathrateI_all_CollCode251850.cif,6c-16i-24k+M_on_24k,ICSD 251850,Eu8 Ga16 Ge30,K8Si46,P m -3 n,223
ClathrateI_all_CollCode251851.cif,6c-16i-24k+M_on_24k,ICSD 251851,Eu8 Ga16 Ge30,K8Si46,P m -3 n,223
ClathrateI_all_CollCode251852.cif,6c-16i-24k+M_on_24k,ICSD 251852,Eu8 Ga16 Ge30,K8Si46,P m -3 n,223
ClathrateI_all_CollCode251853.cif,6c-16i-24k+M_on_24k,ICSD 251853,Eu8 Ga16 Ge30,K8Si46,P m -3 n,223
ClathrateI_all_CollCode251854.cif,6c-16i-24k+M_on_24k,ICSD 251854,Eu8 Ga16 Ge30,K8Si46,P m -3 n,223
ClathrateI_all_CollCode251855.cif,6c-16i-24k+M_on_24k,ICSD 251855,Ga16 Ge30 Sr8,K8Si46,P m -3 n,223
ClathrateI_all_CollCode251856.cif,6c-16i-24k+M_on_24k,ICSD 251856,Ga16 Ge30 Sr8,K8Si46,P m -3 n,223
ClathrateI_all_CollCode251857.cif,6c-16i-24k+M_on_24k,ICSD 251857,Ga16 Ge30 Sr8,K8Si46,P m -3 n,223
ClathrateI_all_CollCode251858.cif,6c-16i-24k+M_on_24k,ICSD 251858,Ga16 Ge30 Sr8,K8Si46,P m -3 n,223
ClathrateI_all_CollCode251859.cif,6c-16i-24k+M_on_24k,ICSD 251859,Ga16 Ge30 Sr8,K8Si46,P m -3 n,223
ClathrateI_all_CollCode262678.cif,6c-16i-24k+M_on_24k,ICSD 262678,Ba8 Ni3.7 Si41.4,K8Si46,P m -3 n,223
ClathrateI_all_CollCode262679.cif,6c-16i-24k+M_on_24k,ICSD 262679,Ba8 Ni3.2 Si42.4,K8Si46,P m -3 n,223
ClathrateI_all_CollCode262680.cif,6c-16i-24k+M_on_24k,ICSD 262680,Ba8 Ni2.6 Si43.3,K8Si46,P m -3 n,223
ClathrateI_all_CollCode409605.cif,6c-16i-24k+M_on_24k,ICSD 409605,Ga13.82 Si32.18 Sr8,K8Si46,P m -3 n,223
ClathrateI_all_CollCode422585.cif,6c-16i-24k+M_on_24k,ICSD 422585,Ga16 Ge30 Sr8,K8Si46,P m -3 n,223
ClathrateI_all_CollCode422587.cif,6c-16i-24k+M_on_24k,ICSD 422587,Ba8 Ga15.92 Ge29.85,K8Si46,P m -3 n,223
ClathrateI_all_CollCode90178.cif,6c-16i-24k+M_on_24k,ICSD 90178,Ga16 Ge30 Sr8,K8Si46,P m -3 n,223
ClathrateI_all_CollCode90179.cif,6c-16i-24k+M_on_24k,ICSD 90179,Ga16 Ge30 Sr8,K8Si46,P m -3 n,223
ClathrateI_all_CollCode90180.cif,6c-16i-24k+M_on_24k,ICSD 90180,Ga16 Ge30 Sr8,K8Si46,P m -3 n,223
ClathrateI_all_CollCode90181.cif,6c-16i-24k+M_on_24k,ICSD 90181,Ga16 Ge30 Sr8,K8Si46,P m -3 n,223
ClathrateI_all_CollCode90182.cif,6c-16i-24k+M_on_24k,ICSD 90182,Ga16 Ge30 Sr8,K8Si46,P m -3 n,223
ClathrateI_all_CollCode93321.cif,6c-16i-24k+M_on_24k,ICSD 93321,Eu8 Ga16 Ge30,K8Si46,P m -3 n,223
ClathrateI_all_CollCode93322.cif,6c-16i-24k+M_on_24k,ICSD 93322,Eu8 Ga16 Ge30,K8Si46,P m -3 n,223
ClathrateI_all_CollCode93323.cif,6c-16i-24k+M_on_24k,ICSD 93323,Eu8 Ga16 Ge30,K8Si46,P m -3 n,223
ClathrateI_all_CollCode93324.cif,6c-16i-24k+M_on_24k,ICSD 93324,Eu8 Ga16 Ge30,K8Si46,P m -3 n,223
ClathrateI_all_CollCode93325.cif,6c-16i-24k+M_on_24k,ICSD 93325,Eu8 Ga16 Ge30,K8Si46,P m -3 n,223
ClathrateI_all_CollCode93326.cif,6c-16i-24k+M_on_24k,ICSD 93326,Eu8 Ga16 Ge30,K8Si46,P m -3 n,223
ClathrateI_all_CollCode93327.cif,6c-16i-24k+M_on_24k,ICSD 93327,Eu8 Ga16 Ge30,K8Si46,P m -3 n,223
ClathrateI_all_CollCode93328.cif,6c-16i-24k+M_on_24k,ICSD 93328,Eu8 Ga16 Ge30,K8Si46,P m -3 n,223
ClathrateI_all_CollCode94297.cif,6c-16i-24k+M_on_24k,ICSD 94297,Eu8 Ga16 Ge30,K8Si46,P m -3 n,223
ClathrateI_all_CollCode94298.cif,6c-16i-24k+M_on_24k,ICSD 94298,Ba8 Ga16 Ge30,K8Si46,P m -3 n,223
ClathrateI_all_CollCode95916.cif,6c-16i-24k+M_on_24k,ICSD 95916,Ga18.73 Ge27.27 Sr8,K8Si46,P m -3 n,223
ClathrateI_all_CollCode95917.cif,6c-16i-24k+M_on_24k,ICSD 95917,Eu3.47 Ga14.48 Ge31.52 Sr4.53,K8Si46,P m -3 n,223
ClathrateI_all_CollCode418183.cif,6d-16i-24k-48l,ICSD 418183,B7 K7 Si39,K8Si46,P m -3 n,223
ClathrateI_all_CollCode191990.cif,6d-16i-24k-M_on_24k,ICSD 191990,Cu5.36 Ge40.64 Sr8,K8Si46,P m -3 n,223
ClathrateI_all_CollCode195794.cif,6d-16i-24k-M_on_24k,ICSD 195794,Ba8 Cu5.1 Ge40.2 Sn0.7,K8Si46,P m -3 n,223
ClathrateI_all_CollCode236333.cif,6d-16i-24k-M_on_24k,ICSD 236333,Ba0.28 Ga8.5 K7.7 Sn37.5,K8Si46,P m -3 n,223
ClathrateI_all_CollCode237575.cif,6d-16i-24k-M_on_24k,ICSD 237575,Au1.92 Ge44.08 Rb7.8,K8Si46,P m -3 n,223
ClathrateI_all_CollCode131825.cif,6d-16i-24k,ICSD 131825,Ba8 Ge42.784,K8Si46,P m -3 n,223
ClathrateI_all_CollCode131826.cif,6d-16i-24k,ICSD 131826,Al14.31 Ba8 Ge31.69,K8Si46,P m -3 n,223
ClathrateI_all_CollCode131827.cif,6d-16i-24k,ICSD 131827,Al13.908 Ba8 Ge32.092,K8Si46,P m -3 n,223
ClathrateI_all_CollCode131828.cif,6d-16i-24k,ICSD 131828,Al6.118 Ba8 Ge37.884,K8Si46,P m -3 n,223
ClathrateI_all_CollCode131829.cif,6d-16i-24k,ICSD 131829,Al11.402 Ba8 Ge34.472,K8Si46,P m -3 n,223
ClathrateI_all_CollCode131836.cif,6d-16i-24k,ICSD 131836,Al15.53 Ba8 Ge30.47,K8Si46,P m -3 n,223
ClathrateI_all_CollCode145955.cif,6d-16i-24k,ICSD 145955,Ba8 Ge40.9 Li5.1,K8Si46,P m -3 n,223
ClathrateI_all_CollCode145956.cif,6d-16i-24k,ICSD 145956,Ba8 Ge41.01 Li5,K8Si46,P m -3 n,223
ClathrateI_all_CollCode145957.cif,6d-16i-24k,ICSD 145957,Ba8 Ge40.9 Li5.1,K8Si46,P m -3 n,223
ClathrateI_all_CollCode159443.cif,6d-16i-24k,ICSD 159443,Ba8 Ge42.5 Pd2,K8Si46,P m -3 n,223
ClathrateI_all_CollCode159444.cif,6d-16i-24k,ICSD 159444,Ba8 Ge43 Pd3,K8Si46,P m -3 n,223
ClathrateI_all_CollCode159445.cif,6d-16i-24k,ICSD 159445,Ba8 Ge42.5 Pd3.3,K8Si46,P m -3 n,223
ClathrateI_all_CollCode159446.cif,6d-16i-24k,ICSD 159446,Ba8 Ge42 Pd3.6,K8Si46,P m -3 n,223
ClathrateI_all_CollCode159447.cif,6d-16i-24k,ICSD 159447,Ba8 Ge42.3 Pd3.7,K8Si46,P m -3 n,223
ClathrateI_all_CollCode159448.cif,6d-16i-24k,ICSD 159448,Ba8 Ge42.2 Pd3.8,K8Si46,P m -3 n,223
ClathrateI_all_CollCode159449.cif,6d-16i-24k,ICSD 159449,Ba8 Ge42.2 Pd3.8,K8Si46,P m -3 n,223
ClathrateI_all_CollCode159450.cif,6d-16i-24k,ICSD 159450,Ba8 Ge42.19 Pd3.81,K8Si46,P m -3 n,223
ClathrateI_all_CollCode159451.cif,6d-16i-24k,ICSD 159451,Ba8 Ge42.18 Pd3.82,K8Si46,P m -3 n,223
ClathrateI_all_CollCode166709.cif,6d-16i-24k,ICSD 166709,Ba8 Si39.1 Zn6.9,K8Si46,P m -3 n,223
ClathrateI_all_CollCode166710.cif,6d-16i-24k,ICSD 166710,Ba8 Si39.1 Zn6.9,K8Si46,P m -3 n,223
ClathrateI_all_CollCode166711.cif,6d-16i-24k,ICSD 166711,Ba8 Si39.1 Zn6.9,K8Si46,P m -3 n,223
ClathrateI_all_CollCode166712.cif,6d-16i-24k,ICSD 166712,Ba8.15 Cd7.02 Si39.36,K8Si46,P m -3 n,223
ClathrateI_all_CollCode171242.cif,6d-16i-24k,ICSD 171242,Al13 Ba7.22 Eu0.27 Si29,K8Si46,P m -3 n,223
ClathrateI_all_CollCode177998.cif,6d-16i-24k,ICSD 177998,Cd9 Cs8 Sb28 Zn9,K8Si46,P m -3 n,223
ClathrateI_all_CollCode178268.cif,6d-16i-24k,ICSD 178268,Ba8 Cu14.51 Ga1.3 P30.19,K8Si46,P m -3 n,223
ClathrateI_all_CollCode181519.cif,6d-16i-24k,ICSD 181519,Au1.3 Ba8 Ge42,K8Si46,P m -3 n,223
ClathrateI_all_CollCode181520.cif,6d-16i-24k,ICSD 181520,Au2.2 Ba8 Ge41.4,K8Si46,P m -3 n,223
ClathrateI_all_CollCode181521.cif,6d-16i-24k,ICSD 181521,Au3.8 Ba8 Ge40.8,K8Si46,P m -3 n,223
ClathrateI_all_CollCode181522.cif,6d-16i-24k,ICSD 181522,Au4.4 Ba8 Ge40.3,K8Si46,P m -3 n,223
ClathrateI_all_CollCode181523.cif,6d-16i-24k,ICSD 181523,Au5.6 Ba8 Ge40,K8Si46,P m -3 n,223
ClathrateI_all_CollCode181524.cif,6d-16i-24k,ICSD 181524,Au6 Ba8 Ge40,K8Si46,P m -3 n,223
ClathrateI_all_CollCode181525.cif,6d-16i-24k,ICSD 181525,Au4.6 Ba8 Ge40.3,K8Si46,P m -3 n,223
ClathrateI_all_CollCode182909.cif,6d-16i-24k,ICSD 182909,K7.46 Si46,K8Si46,P m -3 n,223
ClathrateI_all_CollCode185931.cif,6d-16i-24k,ICSD 185931,Ba8 Ni2.96 Si43.04,K8Si46,P m -3 n,223
ClathrateI_all_CollCode185932.cif,6d-16i-24k,ICSD 185932,Ba8 Ni2.96 Si43.04,K8Si46,P m -3 n,223
ClathrateI_all_CollCode185933.cif,6d-16i-24k,ICSD 185933,Ba8 Ni2.92 Si43.08,K8Si46,P m -3 n,223
ClathrateI_all_CollCode186447.cif,6d-16i-24k,ICSD 186447,Ag4.9 Ba8 Si41.1,K8Si46,P m -3 n,223
ClathrateI_all_CollCode186525.cif,6d-16i-24k,ICSD 186525,Ag5.4 Ba8 Si40.6,K8Si46,P m -3 n,223
ClathrateI_all_CollCode186526.cif,6d-16i-24k,ICSD 186526,Ag4.3 Ba8 Si41.7,K8Si46,P m -3 n,223
ClathrateI_all_CollCode186527.cif,6d-16i-24k,ICSD 186527,Ag5 Ba8 Si41,K8Si46,P m -3 n,223
ClathrateI_all_CollCode186539.cif,6d-16i-24k,ICSD 186539,Au4 Ba8 Si42,K8Si46,P m -3 n,223
ClathrateI_all_CollCode186540.cif,6d-16i-24k,ICSD 186540,Au5.1 Ba8 Si40.9,K8Si46,P m -3 n,223
ClathrateI_all_CollCode186541.cif,6d-16i-24k,ICSD 186541,Au6 Ba8 Si40,K8Si46,P m -3 n,223
ClathrateI_all_CollCode189364.cif,6d-16i-24k,ICSD 189364,Ba8 Rh2.4 Si43.6,K8Si46,P m -3 n,223
ClathrateI_all_CollCode189365.cif,6d-16i-24k,ICSD 189365,Ba8 Rh2.4 Si43.6,K8Si46,P m -3 n,223
ClathrateI_all_CollCode189366.cif,6d-16i-24k,ICSD 189366,Ba8 Rh2.4 Si43.6,K8Si46,P m -3 n,223
ClathrateI_all_CollCode189887.cif,6d-16i-24k,ICSD 189887,Ba8 Cu5 Ge33.4 Si7.6,K8Si46,P m -3 n,223
ClathrateI_all_CollCode189888.cif,6d-16i-24k,ICSD 189888,Ba8 Cu5 Ge22.3 Si18.7,K8Si46,P m -3 n,223
ClathrateI_all_CollCode189889.cif,6d-16i-24k,ICSD 189889,Ba8 Cu4.8 Si41.2,K8Si46,P m -3 n,223
ClathrateI_all_CollCode189890.cif,6d-16i-24k,ICSD 189890,Ba8 Cu5 Ge33.8 Si7.2,K8Si46,P m -3 n,223
ClathrateI_all_CollCode189891.cif,6d-16i-24k,ICSD 189891,Ba8 Cu5 Ge22.5 Si18.5,K8Si46,P m -3 n,223
ClathrateI_all_CollCode189892.cif,6d-16i-24k,ICSD 189892,Ba8 Cu4.9 Si41.1,K8Si46,P m -3 n,223
ClathrateI_all_CollCode189893.cif,6d-16i-24k,ICSD 189893,Ba8 Cu5 Ge33.9 Si7.1,K8Si46,P m -3 n,223
ClathrateI_all_CollCode189894.cif,6d-16i-24k,ICSD 189894,Ba8 Cu5 Ge33.7 Si7.2,K8Si46,P m -3 n,223
ClathrateI_all_CollCode189895.cif,6d-16i-24k,ICSD 189895,Ba8 Cu5 Ge22.3 Si18.7,K8Si46,P m -3 n,223
ClathrateI_all_CollCode189896.cif,6d-16i-24k,ICSD 189896,Ba8 Cu4.8 Si41.2,K8Si46,P m -3 n,223
ClathrateI_all_CollCode189897.cif,6d-16i-24k,ICSD 189897,Ba8 Pd2.5 Si43.5,K8Si46,P m -3 n,223
ClathrateI_all_CollCode189898.cif,6d-16i-24k,ICSD 189898,Ba8 Pd2.8 Si43.2,K8Si46,P m -3 n,223
ClathrateI_all_CollCode189899.cif,6d-16i-24k,ICSD 189899,Ba8 Pd2.9 Si43.1,K8Si46,P m -3 n,223
ClathrateI_all_CollCode189900.cif,6d-16i-24k,ICSD 189900,Ba8 Pd3.9 Si42.1,K8Si46,P m -3 n,223
ClathrateI_all_CollCode189901.cif,6d-16i-24k,ICSD 189901,Ba8 Pd4.2 Si41.8,K8Si46,P m -3 n,223
ClathrateI_all_CollCode189902.cif,6d-16i-24k,ICSD 189902,Ba8 Pd4.1 Si41.9,K8Si46,P m -3 n,223
ClathrateI_all_CollCode189903.cif,6d-16i-24k,ICSD 189903,Ba8 Pt2.8 Si43.2,K8Si46,P m -3 n,223
ClathrateI_all_CollCode189904.cif,6d-16i-24k,ICSD 189904,Ba8 Pt2.8 Si43.2,K8Si46,P m -3 n,223
ClathrateI_all_CollCode189905.cif,6d-16i-24k,ICSD 189905,Ba8 Pt2.9 Si43.1,K8Si46,P m -3 n,223
ClathrateI_all_CollCode189906.cif,6d-16i-24k,ICSD 189906,Ba8 Pt3.2 Si42.8,K8Si46,P m -3 n,223
ClathrateI_all_CollCode189907.cif,6d-16i-24k,ICSD 189907,Ba8 Pt3.1 Si42.9,K8Si46,P m -3 n,223
ClathrateI_all_CollCode189908.cif,6d-16i-24k,ICSD 189908,Ba8 Pt3.8 Si42.2,K8Si46,P m -3 n,223
ClathrateI_all_CollCode189909.cif,6d-16i-24k,ICSD 189909,Ba8 Pt3.6 Si42.4,K8Si46,P m -3 n,223
ClathrateI_all_CollCode189910.cif,6d-16i-24k,ICSD 189910,Ba8 Pt4.7 Si41.3,K8Si46,P m -3 n,223
ClathrateI_all_CollCode189917.cif,6d-16i-24k,ICSD 189917,Ba8 Ge41.8 Zn2.1,K8Si46,P m -3 n,223
ClathrateI_all_CollCode189918.cif,6d-16i-24k,ICSD 189918,Ba8 Ge40 Zn4.6,K8Si46,P m -3 n,223
ClathrateI_all_CollCode189919.cif,6d-16i-24k,ICSD 189919,Ba8 Ge39.8 Zn5.7,K8Si46,P m -3 n,223
ClathrateI_all_CollCode189920.cif,6d-16i-24k,ICSD 189920,Ba8 Ge37.9 Zn7.9,K8Si46,P m -3 n,223
ClathrateI_all_CollCode189921.cif,6d-16i-24k,ICSD 189921,Ba8 Ge37.7 Zn7.9,K8Si46,P m -3 n,223
ClathrateI_all_CollCode189922.cif,6d-16i-24k,ICSD 189922,Ba8 Ge38 Zn7.8,K8Si46,P m -3 n,223
ClathrateI_all_CollCode189927.cif,6d-16i-24k,ICSD 189927,Ba8 Cd2.41 Ge41.39,K8Si46,P m -3 n,223
ClathrateI_all_CollCode189928.cif,6d-16i-24k,ICSD 189928,Ba8 Cd4.28 Ge41.02,K8Si46,P m -3 n,223
ClathrateI_all_CollCode189929.cif,6d-16i-24k,ICSD 189929,Ba8 Cd6.27 Ge39.7,K8Si46,P m -3 n,223
ClathrateI_all_CollCode189930.cif,6d-16i-24k,ICSD 189930,Ba8 Cd7 Ge39,K8Si46,P m -3 n,223
ClathrateI_all_CollCode189931.cif,6d-16i-24k,ICSD 189931,Ba8 Cd7.1 Ge38.9,K8Si46,P m -3 n,223
ClathrateI_all_CollCode189932.cif,6d-16i-24k,ICSD 189932,Ba8 Cd7 Ge39,K8Si46,P m -3 n,223
ClathrateI_all_CollCode190431.cif,6d-16i-24k,ICSD 190431,Ba8 Ge29.2 In16.8,K8Si46,P m -3 n,223
ClathrateI_all_CollCode190432.cif,6d-16i-24k,ICSD 190432,Ba8 Ga11.3 Si34.2,K8Si46,P m -3 n,223
ClathrateI_all_CollCode190433.cif,6d-16i-24k,ICSD 190433,Ba6 Cu4 Eu2 Si42,K8Si46,P m -3 n,223
ClathrateI_all_CollCode190434.cif,6d-16i-24k,ICSD 190434,Al8 Ba6 Eu2 Si38,K8Si46,P m -3 n,223
ClathrateI_all_CollCode190435.cif,6d-16i-24k,ICSD 190435,Ge38 I8 Sb8,K8Si46,P m -3 n,223
ClathrateI_all_CollCode191989.cif,6d-16i-24k,ICSD 191989,Ba4.86 Cu5.36 Ge40.64 Sr3.14,K8Si46,P m -3 n,223
ClathrateI_all_CollCode194245.cif,6d-16i-24k,ICSD 194245,Na4 Si23,K8Si46,P m -3 n,223
ClathrateI_all_CollCode237246.cif,6d-16i-24k,ICSD 237246,Na8 Si46,K8Si46,P m -3 n,223
ClathrateI_all_CollCode237247.cif,6d-16i-24k,ICSD 237247,Na8 Si46,K8Si46,P m -3 n,223
ClathrateI_all_CollCode237674.cif,6d-16i-24k,ICSD 237674,Ba8 Ge42.7 Rh1.2,K8Si46,P m -3 n,223
ClathrateI_all_CollCode237675.cif,6d-16i-24k,ICSD 237675,Ba8 Ge42.7 Rh1.2,K8Si46,P m -3 n,223
ClathrateI_all_CollCode237676.cif,6d-16i-24k,ICSD 237676,Ba8 Ge42.74 Rh1.2,K8Si46,P m -3 n,223
ClathrateI_all_CollCode246739.cif,6d-16i-24k,ICSD 246739,Ba8 Cu2.1 Ge41.8,K8Si46,P m -3 n,223
ClathrateI_all_CollCode246740.cif,6d-16i-24k,ICSD 246740,Ba8 Cu4.5 Ge40.9,K8Si46,P m -3 n,223
ClathrateI_all_CollCode246741.cif,6d-16i-24k,ICSD 246741,Ba8 Cu6 Ge40,K8Si46,P m -3 n,223
ClathrateI_all_CollCode247519.cif,6d-16i-24k,ICSD 247519,Ba8 Ge40.38 Pd2.4 Zn3.25,K8Si46,P m -3 n,223
ClathrateI_all_CollCode247520.cif,6d-16i-24k,ICSD 247520,Ba8 Cu3.2 Ge40 Zn2.8,K8Si46,P m -3 n,223
ClathrateI_all_CollCode247521.cif,6d-16i-24k,ICSD 247521,Ba8 Ge39.4 Pd0.7 Zn5.9,K8Si46,P m -3 n,223
ClathrateI_all_CollCode247522.cif,6d-16i-24k,ICSD 247522,Ba8 Ge39.63 Pd0.71 Zn5.66,K8Si46,P m -3 n,223
ClathrateI_all_CollCode247523.cif,6d-16i-24k,ICSD 247523,Ba8 Ge39.98 Pd0.91 Zn5.11,K8Si46,P m -3 n,223
ClathrateI_all_CollCode247524.cif,6d-16i-24k,ICSD 247524,Ba8 Ge40.04 Pd2.24 Zn3.62,K8Si46,P m -3 n,223
ClathrateI_all_CollCode247525.cif,6d-16i-24k,ICSD 247525,Ba8 Ge40.17 Pd1.3 Zn4.53,K8Si46,P m -3 n,223
ClathrateI_all_CollCode247526.cif,6d-16i-24k,ICSD 247526,Ba8 Ge40.07 Pd1.52 Zn4.41,K8Si46,P m -3 n,223
ClathrateI_all_CollCode247527.cif,6d-16i-24k,ICSD 247527,Ba8 Ge40.35 Pd2.4 Zn3.25,K8Si46,P m -3 n,223
ClathrateI_all_CollCode247528.cif,6d-16i-24k,ICSD 247528,Ba8 Cu2.1 Ge40 Zn3.9,K8Si46,P m -3 n,223
ClathrateI_all_CollCode247529.cif,6d-16i-24k,ICSD 247529,Ba8 Cu3.2 Ge40 Zn2.8,K8Si46,P m -3 n,223
ClathrateI_all_CollCode247530.cif,6d-16i-24k,ICSD 247530,Ba8 Cu4.2 Ge40 Zn1.8,K8Si46,P m -3 n,223
ClathrateI_all_CollCode247531.cif,6d-16i-24k,ICSD 247531,Ba8 Cu5.2 Ge40 Zn0.8,K8Si46,P m -3 n,223
ClathrateI_all_CollCode247532.cif,6d-16i-24k,ICSD 247532,Ba8 Cu5.4 Ge40 Zn0.6,K8Si46,P m -3 n,223
ClathrateI_all_CollCode247533.cif,6d-16i-24k,ICSD 247533,Ba8 Cu5.52 Ge40 Zn0.48,K8Si46,P m -3 n,223
ClathrateI_all_CollCode247534.cif,6d-16i-24k,ICSD 247534,Ba8 Cu5.2 Ge40 Zn0.8,K8Si46,P m -3 n,223
ClathrateI_all_CollCode248885.cif,6d-16i-24k,ICSD 248885,P16 Se1.23 Si30 Te6.77,K8Si46,P m -3 n,223
ClathrateI_all_CollCode248886.cif,6d-16i-24k,ICSD 248886,P16 Se1.23 Si30 Te6.77,K8Si46,P m -3 n,223
ClathrateI_all_CollCode248887.cif,6d-16i-24k,ICSD 248887,P16 Se1.25 Si30 Te6.75,K8Si46,P m -3 n,223
ClathrateI_all_CollCode248888.cif,6d-16i-24k,ICSD 248888,P16 Se1.25 Si30 Te6.75,K8Si46,P m -3 n,223
ClathrateI_all_CollCode248889.cif,6d-16i-24k,ICSD 248889,P16 Se1.27 Si30 Te6.73,K8Si46,P m -3 n,223
ClathrateI_all_CollCode248890.cif,6d-16i-24k,ICSD 248890,P16 Se1.26 Si30 Te6.74,K8Si46,P m -3 n,223
ClathrateI_all_CollCode248891.cif,6d-16i-24k,ICSD 248891,P16 Se1.24 Si30 Te6.76,K8Si46,P m -3 n,223
ClathrateI_all_CollCode248892.cif,6d-16i-24k,ICSD 248892,P16 Se1.22 Si30 Te6.78,K8Si46,P m -3 n,223
ClathrateI_all_CollCode255719.cif,6d-16i-24k,ICSD 255719,Ge23 Rb3.75 Tl0.25,K8Si46,P m -3 n,223
ClathrateI_all_CollCode290624.cif,6d-16i-24k,ICSD 290624,Ba8 Cu5 Ge40.9,K8Si46,P m -3 n,223
ClathrateI_all_CollCode290625.cif,6d-16i-24k,ICSD 290625,Ba8 Cu5 Ge37.6 Si3.3,K8Si46,P m -3 n,223
ClathrateI_all_CollCode290626.cif,6d-16i-24k,ICSD 290626,Ba8 Cu5 Ge35.2 Si5.8,K8Si46,P m -3 n,223
ClathrateI_all_CollCode290627.cif,6d-16i-24k,ICSD 290627,Ba8 Cu5 Ge31.5 Si9.5,K8Si46,P m -3 n,223
ClathrateI_all_CollCode290628.cif,6d-16i-24k,ICSD 290628,Ba8 Cu5 Ge28.7 Si12.3,K8Si46,P m -3 n,223
ClathrateI_all_CollCode290629.cif,6d-16i-24k,ICSD 290629,Ba8 Cu5 Ge24.7 Si16.3,K8Si46,P m -3 n,223
ClathrateI_all_CollCode290630.cif,6d-16i-24k,ICSD 290630,Ba8 Cu5 Ge17 Si24,K8Si46,P m -3 n,223
ClathrateI_all_CollCode290631.cif,6d-16i-24k,ICSD 290631,Ba8 Cu5 Ge7.3 Si33.7,K8Si46,P m -3 n,223
ClathrateI_all_CollCode290632.cif,6d-16i-24k,ICSD 290632,Ba8 Cu4.7 Si41.2,K8Si46,P m -3 n,223
ClathrateI_all_CollCode414644.cif,6d-16i-24k,ICSD 414644,Br8 P22 Sn17 Zn7,K8Si46,P m -3 n,223
ClathrateI_all_CollCode422652.cif,6d-16i-24k,ICSD 422652,Ge29.8 I7.88 P7.57 Sn8.64,K8Si46,P m -3 n,223
ClathrateI_all_CollCode422653.cif,6d-16i-24k,ICSD 422653,Ge38.1 I8 P7.9,K8Si46,P m -3 n,223
ClathrateI_all_CollCode424151.cif,6d-16i-24k,ICSD 424151,Br8 In7.9 P21.5 Sn15.7,K8Si46,P m -3 n,223
ClathrateI_all_CollCode93844.cif,6d-16i-24k,ICSD 93844,I8 In14 P22 Sn10,K8Si46,P m -3 n,223
ClathrateI_all_CollCode253318.cif,6f-8i-12j-12k,ICSD 253318,Cs6 Ga8 Ge38 Na2,K8Si46,P m -3,200
ClathrateI_all_CollCode260310.cif,6f-8i-12j-12k,ICSD 260310,P14.6 Si31.4 Te7.32,K8Si46,P m -3,200
ClathrateI_all_CollCode260311.cif,6f-8i-12j-12k,ICSD 260311,P14.6 Si31.4 Te7.4,K8Si46,P m -3,200
ClathrateI_all_CollCode409928.cif,6f-8i-12j-12k,ICSD 409928,P14.7 Si31.3 Te7.35,K8Si46,P m -3,200
ClathrateI_all_CollCode409929.cif,6f-8i-12j-12k,ICSD 409929,P13.6 Si32.4 Te6.98,K8Si46,P m -3,200
ClathrateI_all_CollCode409930.cif,6f-8i-12j-12k,ICSD 409930,P13 Si33 Te6.88,K8Si46,P m -3,200
ClathrateI_all_CollCode248893.cif,6g-8i-12j-12k,ICSD 248893,Br1.45 P20 Si26 Te6.01,K8Si46,P m -3,200
